msoa,brownfield area
E02000001,0.22
E02000002,4.91
E02000003,1.43
E02000005,6.24
E02000007,2.1
E02000008,0.16
E02000009,0.15
E02000011,0.12
E02000013,0.4
E02000014,0.11
E02000015,3.92
E02000016,6.13
E02000017,0.01
E02000018,0.12
E02000019,5.69
E02000020,0.39
E02000021,38.62
E02000022,26.82
E02000023,179.94
E02000024,14.271
E02000025,0.15
E02000026,0.544
E02000027,3.82
E02000028,0.85
E02000029,3.607
E02000030,11.61
E02000031,10.903056
E02000032,4.004
E02000033,33.06
E02000034,0.5
E02000035,1.991
E02000036,0.275
E02000037,5.075
E02000038,0.115
E02000039,0.27
E02000040,51.17
E02000041,2.075
E02000042,4.12
E02000046,2.3219
E02000047,1.408
E02000048,0.278
E02000049,46.93
E02000050,0.219
E02000051,1.385101
E02000052,0.119
E02000053,41.830582
E02000055,2.302
E02000056,4.16
E02000057,0.519
E02000058,0.096
E02000059,31.378
E02000060,0.73
E02000061,1.58
E02000062,4.442
E02000063,188.925
E02000064,3.633
E02000065,0.04
E02000067,0.23
E02000068,0.443
E02000069,0.594
E02000070,0.333
E02000072,2.76
E02000074,0.28
E02000079,0.692
E02000080,0.24
E02000082,0.15
E02000083,0.98161
E02000086,0.03
E02000087,0.32
E02000088,0.07
E02000090,0.554
E02000091,0.28
E02000092,2.214
E02000093,0.833
E02000094,2.07
E02000095,0.051
E02000096,2.783
E02000097,0.16
E02000098,0.294
E02000099,0.2
E02000100,0.285
E02000101,4.826
E02000102,0.42
E02000103,0.534
E02000104,0.065
E02000105,0.269
E02000106,5.267
E02000107,0.808
E02000108,0.205
E02000109,7.65
E02000110,0.039
E02000111,0.481
E02000112,4.495
E02000113,1.19
E02000114,0.548
E02000115,0.531
E02000116,1.818
E02000117,2.286
E02000118,7.75
E02000119,14.94
E02000120,0.027
E02000121,7.891
E02000122,0.329
E02000123,4.62
E02000124,1.351
E02000125,0.086
E02000126,1.71
E02000130,0.018
E02000131,0.068
E02000132,0.6
E02000133,0.18
E02000134,0.3
E02000136,6.86
E02000137,0.133
E02000139,0.278
E02000142,0.044
E02000146,0.059
E02000150,1.62
E02000154,0.06
E02000155,0.11
E02000163,0.172
E02000166,0.92
E02000168,0.82
E02000169,0.21
E02000172,0.91
E02000173,0.49
E02000174,0.32
E02000175,2.35
E02000176,0.1
E02000177,1.3
E02000178,0.6
E02000179,0.24
E02000180,0.24
E02000181,0.07
E02000182,0.46
E02000183,4.49
E02000184,5.13
E02000185,0.1
E02000186,5.36
E02000187,2.1
E02000188,10.62
E02000189,0.52
E02000191,1.13
E02000192,3.36
E02000193,1.3
E02000194,3.38
E02000195,0.454
E02000196,0.2152
E02000197,0.719
E02000198,1.187
E02000200,0.312
E02000201,0.861
E02000202,0.27
E02000203,2.024
E02000204,1.525
E02000206,1.207
E02000207,1.248487
E02000208,11.075
E02000209,13.638
E02000210,0.024
E02000211,0.5755
E02000212,1.18
E02000213,11.295909
E02000214,0.751
E02000215,2.376
E02000216,1.101798
E02000217,10.153
E02000219,1.1495
E02000220,13.1976
E02000221,3.721
E02000222,1.4839
E02000224,2.324
E02000225,0.09
E02000226,0.577
E02000227,0.437114
E02000228,2.0078
E02000229,0.72
E02000230,9.921
E02000231,4.6247
E02000232,1.694
E02000233,0.863
E02000234,3.284
E02000235,2.035
E02000236,1.44
E02000237,2.307
E02000238,10.49
E02000240,0.3
E02000243,0.62
E02000244,1.01
E02000248,1.55
E02000249,0.56
E02000251,0.11
E02000252,40.61
E02000255,0.11
E02000256,3.31
E02000257,7.69
E02000258,6.84
E02000260,7.15
E02000262,2
E02000263,33.14
E02000265,2.68
E02000266,8.81
E02000267,1.47
E02000268,0.09
E02000269,0.03
E02000270,9.62
E02000271,0.02
E02000274,11.04
E02000275,1.12
E02000278,0.029
E02000280,0.864
E02000284,0.117
E02000286,7.705
E02000287,26.774
E02000288,0.028
E02000290,1.503
E02000291,0.086
E02000293,0.77
E02000294,0.549
E02000295,0.564
E02000296,0.132
E02000297,0.245
E02000298,1.175
E02000303,0.438
E02000305,0.01
E02000306,1.59
E02000308,0.014
E02000309,7.222
E02000314,0.39
E02000315,2.15
E02000316,22.29
E02000317,5
E02000318,0.09
E02000320,0.33
E02000321,0.03
E02000323,2.23
E02000324,0.82
E02000326,0.03
E02000327,7.55
E02000328,0.03
E02000329,0.1
E02000331,0.12
E02000332,0.03
E02000337,0.47
E02000339,0.08
E02000340,0.6
E02000343,0.05
E02000344,0.1
E02000372,65.28
E02000378,0.062
E02000380,0.11
E02000384,0.174
E02000386,0.06
E02000392,0.31
E02000394,0.68
E02000396,4.5
E02000397,0.17
E02000398,27.66
E02000400,2.06
E02000401,1.14
E02000402,0.61
E02000403,3.9
E02000404,0.01
E02000405,0.02
E02000407,1.744
E02000408,2.15
E02000409,1.02
E02000410,0.49
E02000411,21.71
E02000412,23.59
E02000413,0.88
E02000414,0
E02000415,1.76
E02000416,2.88
E02000417,3.06
E02000418,0.63
E02000419,3.1
E02000420,2.68
E02000421,8.16
E02000422,2.08
E02000423,4.61
E02000424,0.04
E02000425,1.49
E02000426,4.44
E02000427,6.6
E02000428,0.94
E02000429,0.42
E02000430,0.43
E02000431,4.19
E02000432,0.47
E02000433,35.61
E02000434,1.87
E02000436,0.39
E02000438,0.02
E02000439,0.56
E02000442,0.28
E02000443,0.2
E02000444,0.94
E02000445,12.33
E02000447,9.62
E02000448,0.74
E02000452,20.63
E02000453,0.36
E02000454,0.07
E02000455,5.47
E02000456,0.13
E02000457,1.77
E02000459,4.44
E02000460,3.83
E02000461,0.82
E02000462,0.62
E02000463,0.15
E02000494,0.98
E02000495,0.31
E02000496,0.46
E02000499,0.56
E02000500,0.58
E02000501,0.16
E02000502,8.59
E02000504,0.2
E02000506,3
E02000507,3.73
E02000508,46.78
E02000509,0.91
E02000510,0.44
E02000511,0.84
E02000512,0.22
E02000514,0.18
E02000515,5.03
E02000516,1.69
E02000517,0.06
E02000518,0.2
E02000519,0.02
E02000520,10.01
E02000522,0.64
E02000523,15.4
E02000524,0.87
E02000525,0.31
E02000528,7.02
E02000534,0.05
E02000539,0.27
E02000540,1.63
E02000543,0.84
E02000549,0.38
E02000554,0.21
E02000555,0.884
E02000556,1.62
E02000557,2.81
E02000558,14.23
E02000559,0.1
E02000560,1.81
E02000561,0.1
E02000562,1.7
E02000563,6.94
E02000564,0.2
E02000565,1.73
E02000566,0.08
E02000567,2.98
E02000568,7.04
E02000569,0.58
E02000570,1.52
E02000571,3.48
E02000572,0.57
E02000573,2.49
E02000574,0.55
E02000575,4.29
E02000576,7.64
E02000577,18.863845
E02000578,0.582972
E02000579,0.88
E02000580,0.13
E02000581,0.253137
E02000582,0.09
E02000584,1.01
E02000585,0.05
E02000586,1.074971
E02000587,0.466
E02000588,0.735
E02000589,0.02
E02000590,1.62
E02000591,4.295634
E02000592,0.86
E02000593,6.35918
E02000594,0.012
E02000595,1.519
E02000597,2.547
E02000598,2.53
E02000599,3.33
E02000600,0.7
E02000601,1.54
E02000602,10.41
E02000604,2.69
E02000605,0.18
E02000606,10.72
E02000607,0.64
E02000608,0.06
E02000609,0.06
E02000610,1.8
E02000612,0.14
E02000613,0.83
E02000614,5.52
E02000619,0.93
E02000620,0.03
E02000621,0.57
E02000622,0.22
E02000624,2.28
E02000626,0.04
E02000628,0.47
E02000629,0.2
E02000633,0.11
E02000635,0.09
E02000636,0.26
E02000640,0.8
E02000641,0.22
E02000642,0.15
E02000643,0.07
E02000644,0.41
E02000645,0.28
E02000649,0.23
E02000651,0.06
E02000653,1.48
E02000654,7.77
E02000655,14.44
E02000657,0.81
E02000658,1.91
E02000659,6.93
E02000661,0.93
E02000662,0.63
E02000663,0.98
E02000664,15.52
E02000665,2.44
E02000666,0.04
E02000667,0.24
E02000668,0.85
E02000669,0.45
E02000670,0.38
E02000671,0.32
E02000672,4.98
E02000673,2.4
E02000674,0.24
E02000675,0.33
E02000676,0.14
E02000677,21.12
E02000679,2.59
E02000680,3.32
E02000681,0.28
E02000682,6.3
E02000683,0.78
E02000685,2.69
E02000686,0.31
E02000687,1.33
E02000689,6.085077
E02000690,0.08
E02000691,0.43
E02000692,0.45
E02000693,0.03
E02000694,0.393803
E02000695,0.57
E02000696,0.12
E02000697,1.080268
E02000698,0.4
E02000699,0.55
E02000700,0.09
E02000701,0.61
E02000702,0.06
E02000703,0.561209
E02000704,2.39
E02000706,0.412461
E02000708,0.04
E02000709,0.02
E02000710,2.719548
E02000711,0.847214
E02000712,1.835602
E02000714,0.06
E02000715,0.155506
E02000717,0.029
E02000719,0.224771
E02000721,0.07
E02000723,0.41
E02000725,0.51
E02000726,6.26
E02000730,0.057831
E02000731,0.122282
E02000732,0.15
E02000733,0.26
E02000734,0.25
E02000735,0.04
E02000736,0.07
E02000737,0.327196
E02000739,0.447472
E02000740,0.058121
E02000741,0.839437
E02000743,0.32
E02000744,0.47
E02000745,0.04
E02000746,1.01
E02000747,0.87
E02000749,1.64
E02000750,1.45
E02000751,1.65
E02000752,3.29
E02000754,0.18
E02000755,0.05
E02000756,4.43
E02000757,2.27
E02000759,2.58
E02000760,0.35
E02000762,0.62
E02000763,8.42
E02000764,1.87
E02000765,0.59
E02000767,1.51
E02000768,0.27
E02000769,3.69
E02000770,1.12
E02000772,58.74
E02000773,3.54
E02000774,4.81
E02000777,0.4
E02000779,4.99
E02000780,9.27
E02000781,1.24
E02000782,6.08
E02000783,0.83
E02000784,18.076
E02000785,0.539
E02000786,10.495
E02000787,3.33
E02000788,0.948
E02000789,2.2
E02000791,0.48
E02000793,10.14
E02000794,10.59
E02000795,5.53
E02000796,0.11
E02000797,2.17
E02000798,0.1
E02000800,4.31
E02000801,2.43
E02000802,0.28
E02000803,0.25
E02000804,0.31
E02000805,1.759
E02000806,5.843
E02000807,0.967
E02000808,19.498174
E02000809,3.7564
E02000810,10.903
E02000812,12.221
E02000813,7.978
E02000814,45.965
E02000815,19.3188
E02000816,6.47
E02000817,2.16
E02000818,12.029
E02000819,17.536
E02000820,2.228
E02000821,25.859
E02000822,4.73
E02000823,4.307
E02000824,55.461
E02000825,3.62
E02000826,2.0536
E02000827,88.6199
E02000828,7.359
E02000829,2.861
E02000830,1.479
E02000831,3.311
E02000832,4.669
E02000833,3.357
E02000834,1.7149
E02000835,1.364
E02000836,0.655
E02000837,2.45
E02000838,1.3105
E02000839,2.9967
E02000868,4.41
E02000871,1.85
E02000872,4.86
E02000874,0.28
E02000875,4.12
E02000876,0.97
E02000877,0.31
E02000881,14.32
E02000883,3.92
E02000884,12.72
E02000887,4.61
E02000891,20.73
E02000895,0.762919
E02000896,0.81
E02000897,0.416
E02000898,2.95
E02000899,0.34
E02000901,1.409016
E02000902,0.686
E02000903,0.12
E02000904,5.24
E02000905,2.607176
E02000906,0.619257
E02000907,1.61
E02000908,8.848901
E02000909,1.236681
E02000910,1.785162
E02000911,5.047059
E02000912,0.6
E02000913,17.453784
E02000914,1.177323
E02000915,0.774
E02000916,2.417
E02000917,1.103
E02000918,2.519928
E02000919,3.894881
E02000920,16.577529
E02000921,0.699049
E02000922,1.99
E02000923,1.63
E02000924,68.35
E02000925,3.25
E02000926,13.4
E02000927,0.59
E02000928,0.27
E02000929,26.83
E02000930,5.32
E02000931,0.76
E02000932,19.2
E02000933,0.69
E02000934,20.27
E02000935,0.11
E02000936,1.72
E02000937,0.35
E02000938,0.65
E02000939,0.59
E02000940,3.51
E02000941,0.8
E02000942,0.28
E02000943,1.16
E02000944,1.46
E02000945,20.92
E02000946,2.29
E02000947,0.13
E02000948,0.48
E02000949,34.36
E02000951,0.13
E02000952,0.25
E02000953,0.11
E02000954,0.7
E02000955,0.58
E02000956,1.31
E02000957,1.54
E02000958,0.09
E02000959,0.46
E02000960,3.302701
E02000961,3.395901
E02000962,1.90987
E02000963,0.821463
E02000964,0.74
E02000965,0.384085
E02000966,0.37
E02000967,0.131762
E02000968,14.470489
E02000969,3.970221
E02000970,2.32845
E02000971,2.687315
E02000972,5.017866
E02000973,7.22936
E02000974,3.216895
E02000975,0.768708
E02000976,5.447578
E02000977,8.002225
E02000978,4.260185
E02000979,5.482386
E02000980,4.296145
E02000981,0.273115
E02000982,6.692374
E02000983,0.892084
E02000985,1.41
E02000986,0.25
E02000987,0.21
E02000988,1.32
E02000989,0.52
E02000990,77.35
E02000991,1.23
E02000992,1.48
E02000993,2.53
E02000994,5.71
E02000995,4.2
E02000996,7.93
E02000997,13.21
E02000998,2.47
E02000999,18.89
E02001000,3.26
E02001002,6.58
E02001003,0.94
E02001004,0.72
E02001005,16.21
E02001006,12.33
E02001007,4.43
E02001008,5.49
E02001009,1.36
E02001010,1.53
E02001011,2.12
E02001012,6.06
E02001013,0.77
E02001014,0.21
E02001015,3.79
E02001016,3.1
E02001017,3.96
E02001018,1.98
E02001019,3.28
E02001020,3.21
E02001021,2.24
E02001022,11.3
E02001023,0.67
E02001024,3.72
E02001025,0.1
E02001026,12.39
E02001027,0.07
E02001028,0.49
E02001029,2.93
E02001030,3.84
E02001031,2.42
E02001032,0.48
E02001033,35.78
E02001034,3.84
E02001035,0.49
E02001036,1.35
E02001037,0.42
E02001038,0.33
E02001039,1.12
E02001041,0.4
E02001042,7.49
E02001043,5.07
E02001044,0.36
E02001045,2.5724
E02001046,3.29757
E02001047,3.061532
E02001048,13.181262
E02001049,0.195624
E02001050,2.93
E02001051,5.67232
E02001052,0.82
E02001053,30.323065
E02001055,32.833357
E02001056,13.3
E02001057,107.707065
E02001059,8.553661
E02001061,10.8
E02001062,6.737133
E02001063,4.603966
E02001064,11.596488
E02001065,1.644315
E02001066,1.81
E02001067,3.46
E02001068,4.25
E02001069,0.92
E02001070,3.775676
E02001071,0.4
E02001072,3.520674
E02001073,2.776083
E02001074,1.141731
E02001075,1.060928
E02001076,2.48
E02001077,1.217001
E02001078,2.501871
E02001079,1.91
E02001080,0.500016
E02001082,1.233768
E02001083,5.069512
E02001084,1.310147
E02001085,0.96
E02001086,1.34
E02001087,0.2
E02001088,1.529956
E02001089,1.88
E02001090,2.023301
E02001091,0.29
E02001092,0.65
E02001093,1.091245
E02001094,10.701387
E02001095,6.000399
E02001096,1.168758
E02001097,1.143868
E02001098,2.19
E02001099,2.44
E02001100,18.42
E02001101,0.06
E02001102,3.47
E02001103,7.28
E02001104,1.8
E02001105,0.62
E02001106,11.55
E02001107,2.95
E02001108,7.97
E02001109,3.28
E02001110,5.99
E02001111,23.1
E02001112,0.27
E02001113,3.64
E02001114,4.43
E02001116,3.46
E02001117,2.91
E02001118,0.03
E02001119,1.06
E02001121,6.44
E02001123,0.46
E02001124,2.66
E02001125,1.09
E02001126,5.24
E02001127,2.55
E02001128,0.79
E02001129,6.73
E02001130,0.31
E02001131,0.07
E02001132,2.79
E02001133,0.96
E02001134,10.44
E02001135,0.27
E02001136,0.51
E02001137,12.36
E02001138,0.4
E02001139,4.07
E02001140,6.68
E02001141,5.7
E02001142,0.61
E02001143,0.49
E02001144,1.84
E02001145,0.45
E02001146,4.67
E02001147,8.29
E02001148,18.91
E02001149,5.91
E02001150,1.3
E02001151,1.65
E02001152,2.43
E02001153,2.61
E02001154,4.24
E02001155,3.51
E02001157,4.92
E02001158,0.7
E02001159,7.65
E02001160,1.03
E02001161,3.16
E02001163,3.84
E02001164,12.85
E02001165,1.85
E02001166,1.63
E02001167,0.72
E02001168,0.39
E02001169,1.86
E02001170,0.9
E02001171,0.03
E02001172,0.9
E02001173,16.58
E02001174,0.03
E02001175,1.1
E02001176,2.84
E02001177,2
E02001178,35.4
E02001179,2.54
E02001180,57.47
E02001181,0.01
E02001182,0.94
E02001183,3.58
E02001184,40.82
E02001185,1.16
E02001186,7.95
E02001187,0.3
E02001189,3.15
E02001191,2.18
E02001193,1.19
E02001196,3.33
E02001198,1.5
E02001199,0.31
E02001200,4.73
E02001201,5.48
E02001202,2.78
E02001203,0.35
E02001204,0.89
E02001205,0.85
E02001208,0.85
E02001209,6.75
E02001210,0.59
E02001211,0.34
E02001212,0.97
E02001213,0.07
E02001214,0.21
E02001215,0.73
E02001216,0.66
E02001217,0.68
E02001218,9.33
E02001221,0.2
E02001227,0.14
E02001229,5.78
E02001230,1.23
E02001231,1.91
E02001232,1.1
E02001234,0.4
E02001235,0.07
E02001236,4.07
E02001237,2.49
E02001238,0.76
E02001239,1.24
E02001240,0.02
E02001241,1.76
E02001242,8.08
E02001243,1.9
E02001244,0.21
E02001245,0.27
E02001248,5.866
E02001249,4.96
E02001250,5.43
E02001251,0.29
E02001253,0.1
E02001254,0.45
E02001255,4.54
E02001256,0.47
E02001257,0.72
E02001258,0.46
E02001259,8.25
E02001261,3.47
E02001264,0.78
E02001266,0.75
E02001267,0.48
E02001269,0.05
E02001275,0.3
E02001278,0.4
E02001281,0.12
E02001282,2.5
E02001283,0.42
E02001287,0.18
E02001288,5.947181
E02001290,1.12212
E02001291,4.452977
E02001292,0.385459
E02001293,0.182668
E02001294,7.003285
E02001295,1.417686
E02001296,0.148535
E02001297,2.019037
E02001298,50.126935
E02001299,14.645864
E02001300,0.755373
E02001301,53.32759
E02001302,109.399757
E02001303,0.597087
E02001304,0.631045
E02001305,0.282002
E02001307,12.21
E02001308,0.569967
E02001309,4.023116
E02001310,2.393012
E02001311,0.15554
E02001312,2.255111
E02001313,22.809858
E02001314,0.505684
E02001315,8.32878
E02001316,2.598215
E02001317,1.111431
E02001318,0.931224
E02001319,2.846014
E02001320,0.15
E02001321,0.845712
E02001322,0.750923
E02001323,11.527416
E02001324,0.289811
E02001326,45.293184
E02001327,1.8
E02001329,0.47
E02001330,7.99
E02001331,1.81
E02001332,2.67
E02001333,3.18
E02001334,0.17
E02001335,2.52
E02001336,1.43
E02001338,0.26
E02001339,3.51
E02001340,5.9
E02001341,0.1
E02001342,4.52
E02001343,1.52
E02001346,0.54
E02001347,6.015367
E02001348,0.297476
E02001349,0.084913
E02001350,0.180575
E02001351,0.00896
E02001352,11.79718
E02001355,0.12632
E02001356,54.215978
E02001357,0.004259
E02001358,0.198969
E02001359,0.42
E02001360,0.921716
E02001361,0.663785
E02001362,0.142914
E02001363,0.446884
E02001364,18.80877
E02001365,0.125371
E02001366,1.276313
E02001367,1.143206
E02001368,59.563131
E02001369,3.46818
E02001370,4.331868
E02001373,0.617679
E02001374,2.163207
E02001375,0.149523
E02001376,0.95919
E02001377,27.2521
E02001378,2.549867
E02001381,2.068189
E02001383,3.91881
E02001384,1.027239
E02001385,1.526878
E02001386,0.679968
E02001387,0.43852
E02001388,0.144291
E02001389,1.308757
E02001390,5.24718
E02001391,0.718057
E02001392,0.856863
E02001393,1.239835
E02001394,1.671052
E02001395,0.076557
E02001396,1.412303
E02001397,0.160336
E02001398,3.076849
E02001399,0.707035
E02001402,0.762081
E02001403,10.694766
E02001404,9.512987
E02001405,0.546096
E02001408,7.78
E02001410,1.73
E02001412,3.14
E02001416,1.33
E02001418,9
E02001419,0.31
E02001423,0.26
E02001424,5.79
E02001427,0.19
E02001428,0.39
E02001429,5.99
E02001431,0.53
E02001432,0.12
E02001434,2.83
E02001435,0.33
E02001436,9.72
E02001437,1.52
E02001438,1.5
E02001442,1.26
E02001444,0.79
E02001445,1.21
E02001446,13.84
E02001450,0.18
E02001451,2.68
E02001452,1.45
E02001454,2.14
E02001455,0.1
E02001456,0.1
E02001457,2.13
E02001458,0.46
E02001459,0.98
E02001460,1.72
E02001461,11.98
E02001462,0.96
E02001463,10.44
E02001464,8.07
E02001465,3.44
E02001466,0.12
E02001467,0.05
E02001468,0.14
E02001469,0.1
E02001471,1.7
E02001473,0.73
E02001474,0.95
E02001475,0.45
E02001476,9.02
E02001477,4.04
E02001478,0.91
E02001479,0.37
E02001480,0.09
E02001481,0.15
E02001482,1.28
E02001484,0.55
E02001486,0.35
E02001487,1.44
E02001488,0.66
E02001492,0.32
E02001493,2.35
E02001494,0.41
E02001495,3.35
E02001496,0.05
E02001497,0.6
E02001500,0.42
E02001502,3.7
E02001503,0.07
E02001504,0.84
E02001505,2.85
E02001506,0.2
E02001509,1
E02001510,8.7
E02001512,4.4
E02001513,4.1
E02001514,4.6
E02001517,1.2
E02001518,2.5
E02001519,0.3
E02001520,0.4
E02001521,15
E02001522,8.7
E02001523,1.5
E02001528,2.7
E02001529,1.5
E02001530,1.3
E02001531,3.9
E02001532,0.6
E02001533,1.5
E02001534,12.4
E02001535,18.92
E02001536,1.2
E02001537,0.5
E02001538,0.7
E02001539,1.39
E02001540,1.842
E02001541,0.79
E02001542,9.78
E02001544,0.462
E02001545,0.21
E02001546,268.386
E02001547,12.67
E02001548,0.462
E02001549,0.352
E02001550,3.49
E02001551,0.227
E02001552,2.476
E02001553,43.39
E02001555,0.17
E02001556,0.485
E02001557,6.528
E02001560,22.444
E02001561,0.25
E02001564,1.874
E02001565,10.66
E02001566,1.37
E02001567,0.707
E02001568,0.06
E02001569,0.68
E02001570,6.63
E02001571,0.6
E02001572,18.08
E02001573,1.458
E02001575,55.6
E02001576,0.51
E02001578,0.91
E02001579,2.03
E02001580,1.11
E02001583,0.32
E02001586,0.13
E02001587,7.77
E02001588,0.89
E02001589,0.58
E02001590,0.58
E02001592,0.59
E02001593,0.14
E02001594,4.68
E02001597,1.05
E02001599,0.59
E02001600,8.85
E02001601,0.2
E02001604,0.23
E02001605,10.49
E02001606,0.31
E02001607,0.15
E02001608,0.87
E02001609,1.43
E02001610,0.96
E02001611,17.53
E02001612,25.69
E02001613,1.38
E02001614,1.55
E02001615,0.24
E02001616,6.02
E02001617,0.4
E02001618,17.43
E02001619,11.73
E02001621,7.73
E02001622,0.53
E02001624,2.25
E02001625,1.96
E02001626,1.96
E02001627,1.52
E02001628,4.57
E02001629,2.57
E02001630,3.56
E02001631,1.05
E02001632,12.26
E02001633,5
E02001634,0.52
E02001635,0.19
E02001636,4.6
E02001637,21.07
E02001638,0.23
E02001640,1.97
E02001642,6
E02001646,2.88
E02001647,0.13
E02001648,0.21
E02001649,34.37
E02001650,2.88
E02001651,2.34
E02001652,8.13
E02001653,14.11
E02001654,0.57
E02001656,1.64
E02001658,7.05
E02001659,0.58
E02001660,0.51
E02001661,0.71
E02001662,5.07
E02001663,1.07
E02001664,0.55
E02001665,18.26
E02001666,0.2
E02001669,2.03
E02001670,2.02
E02001674,3.26
E02001675,0.97
E02001678,3.69
E02001682,1.6
E02001683,0.45
E02001684,10.78
E02001685,16.11
E02001686,8.48
E02001688,65.78
E02001689,7.13
E02001690,9.37
E02001691,3.31
E02001692,2.79
E02001694,10.04
E02001695,5.66
E02001696,0.14
E02001697,0.57
E02001698,0.39
E02001700,9.08
E02001701,1.19
E02001702,7.22
E02001703,0.72
E02001704,0.73
E02001705,1.75
E02001706,3.74
E02001707,11.62
E02001709,0.3
E02001710,0.63
E02001711,2.11
E02001712,2.27
E02001713,2.06
E02001714,4.89
E02001715,1.03
E02001718,1.73
E02001719,2.31
E02001720,0.23
E02001721,1.27
E02001722,0.12
E02001724,0.94
E02001725,4.2
E02001726,2.53
E02001727,6.82
E02001728,36.67
E02001729,7.6
E02001730,2.57512
E02001731,12.16
E02001732,20.55
E02001733,7.55
E02001734,7.28
E02001735,0.05
E02001736,15.99
E02001737,18.47
E02001738,0.12
E02001739,1.38
E02001741,0.28
E02001743,12.490157
E02001744,5.51161
E02001745,13.51
E02001746,2.82
E02001747,0.09
E02001748,0.03
E02001749,0.35
E02001753,5.9017
E02001754,0.17
E02001755,7.2
E02001756,0.63
E02001757,1.02
E02001759,4.824
E02001760,0.45
E02001761,0.17
E02001763,0.67
E02001764,8.87
E02001765,25.8745
E02001766,12.2121
E02001767,1.35
E02001791,0.636857
E02001792,2.466639
E02001794,8.150248
E02001795,5.455168
E02001796,4.987084
E02001797,0.650171
E02001799,0.285331
E02001800,0.476327
E02001802,33.116285
E02001803,6.003502
E02001804,7.21
E02001806,1.688127
E02001809,0.054342
E02001810,1.57777
E02001811,0.194351
E02001812,0.811541
E02001817,12.658849
E02001818,29.854161
E02001820,1.861467
E02001821,0.838378
E02001822,20.82055
E02001823,9.033813
E02001825,11.63161
E02001826,3.187951
E02001827,0.66
E02001828,2.4
E02001829,0.82
E02001830,2.15
E02001831,0.85
E02001832,1.39
E02001833,0.2
E02001835,6.32
E02001836,0.2
E02001837,0.92
E02001838,0.17
E02001839,0.03
E02001840,0.13
E02001841,0.56
E02001843,1.43
E02001844,1.72
E02001845,7.79
E02001846,1.37
E02001847,1.31
E02001848,0.17
E02001849,9.36
E02001850,2.96
E02001851,4.12
E02001852,2.18
E02001854,7.75
E02001855,4.77
E02001856,6.2
E02001857,3.67
E02001858,0.72
E02001859,31.2
E02001860,1.69
E02001861,5.47
E02001862,2.5
E02001863,2.54
E02001864,1.94
E02001865,3.14
E02001866,2.71
E02001867,2.28
E02001868,1.78
E02001869,0.2
E02001870,1.74
E02001871,0.56
E02001872,11.09
E02001873,21.32
E02001874,1.1
E02001875,7.91
E02001876,32.84
E02001877,4.03
E02001878,0.82
E02001879,13.81
E02001880,3.93
E02001881,0.43
E02001882,5.53
E02001883,4.35
E02001884,2.64
E02001886,38.71
E02001888,6.18
E02001889,0.75
E02001890,8.87
E02001892,0.12
E02001893,1.26
E02001895,0.18
E02001896,0.94
E02001897,10.61
E02001898,0.16
E02001899,0.88
E02001900,0.01
E02001901,1.17
E02001902,0.78
E02001903,1.98
E02001904,3.95
E02001905,5.56
E02001906,1.34
E02001907,3.74
E02001908,0.16
E02001909,0.99
E02001910,5.03
E02001911,0.19
E02001913,0.93
E02001914,1.41
E02001915,4.36
E02001916,29.84
E02001918,1.72
E02001919,1.02
E02001920,0.3
E02001921,0.12
E02001922,6.07
E02001923,3.42
E02001924,4.45
E02001925,0.85
E02001926,11.32
E02001927,0.09
E02001928,0.39
E02001929,0.24
E02001930,0.91
E02001931,1.55
E02001932,5.29
E02001933,0.14
E02001934,0.66
E02001936,0.2
E02001937,2.62
E02001938,6.82
E02001939,6.12
E02001942,0.14
E02001943,0.9
E02001944,0.47
E02001945,0.42
E02001946,1.85
E02001947,37.65
E02001948,0.04
E02001949,14.39
E02001950,0.96
E02001951,0.61
E02001952,0.19
E02001953,3.15
E02001954,5.24
E02001955,19.93
E02001956,0.3
E02001957,0.14
E02001958,0.3748
E02001959,30.6272
E02001961,0.35
E02001962,18.8893
E02001963,0.12
E02001964,0.84
E02001965,1.94
E02001966,5.02
E02001967,1.8
E02001968,0.08
E02001969,0.444
E02001970,6.22
E02001971,0.28
E02001972,28.1596
E02001973,0.4311
E02001974,3.13
E02001976,0.6
E02001977,10.359
E02001978,0.3507
E02001979,0.05
E02001981,4.3396
E02001982,5.2763
E02001983,0.47
E02001984,0.87
E02001985,3.2336
E02001986,0.46
E02001987,2.22
E02001988,20.9092
E02001990,0.07
E02001991,6.888
E02001992,1.2657
E02001993,1.722
E02001995,0.18
E02001996,5.0753
E02001999,1.6096
E02002000,21.33
E02002001,0.2
E02002003,2.82
E02002004,1.05
E02002005,0.46
E02002006,0.24
E02002007,1.7
E02002009,0.94
E02002010,4.48
E02002011,15.15
E02002012,1.75
E02002014,3.24
E02002015,23.65
E02002016,4.99
E02002017,12.039
E02002018,0.81
E02002019,3.16
E02002020,4.29
E02002021,5.48
E02002022,13.19
E02002024,10.59
E02002025,8.14
E02002026,1.06
E02002029,0.22
E02002030,10.72
E02002031,6.57
E02002032,0.6
E02002033,5.22
E02002034,4.35
E02002036,15.08
E02002037,0.61
E02002038,0.37
E02002041,0.34
E02002043,8.27
E02002045,2.98
E02002046,28.63
E02002047,22
E02002048,0.43
E02002049,2.52
E02002051,1.98
E02002052,2.44
E02002055,11
E02002056,10.42
E02002057,15.43
E02002058,25.08
E02002059,7.61
E02002060,27.04
E02002061,5.050638
E02002062,14.93
E02002063,26.17
E02002065,7.15
E02002066,7.23
E02002067,10.55
E02002068,31.78
E02002069,6.68
E02002070,1.76
E02002071,59.55
E02002072,5.71
E02002073,2.13
E02002075,0.76
E02002076,1.03
E02002077,8.05
E02002079,0.1
E02002080,20.86
E02002081,0.02
E02002084,0.9
E02002085,0.4
E02002087,0.09
E02002088,0.09
E02002089,1.13
E02002090,0.49
E02002092,0.4
E02002093,0.73
E02002094,0.18
E02002095,8.66
E02002096,3.44
E02002097,3.66
E02002098,0.37
E02002099,3.2
E02002101,1.1
E02002102,61.16
E02002105,1.51
E02002106,3.95
E02002108,2.94
E02002109,2.19
E02002110,0.31
E02002111,0.65
E02002113,0.11
E02002117,0.1
E02002118,0.95
E02002120,0.64
E02002121,0.54
E02002122,8.99
E02002123,0.68
E02002124,0.02
E02002127,11.87
E02002128,0.61
E02002129,0.13
E02002130,6.63
E02002131,0.38
E02002132,0.69
E02002133,0.27
E02002134,3.15
E02002135,4.82
E02002136,2.06
E02002139,4.49
E02002140,1.03
E02002142,2.76
E02002143,0.05
E02002144,0.16
E02002145,1.27
E02002146,0.09
E02002147,9.76
E02002148,1.97
E02002149,10.7102
E02002150,1.4299
E02002151,0.8171
E02002152,1.2166
E02002153,1.5641
E02002154,46.7656
E02002155,6.3016
E02002156,1.1596
E02002157,1.0476
E02002158,1.4601
E02002159,10.8004
E02002160,7.5385
E02002161,1.9356
E02002162,5.1457
E02002163,51.7518
E02002164,1.6213
E02002165,4.3018
E02002166,8.6799
E02002167,4.2242
E02002168,33.435
E02002169,2.156136
E02002170,2.4765
E02002171,2.969437
E02002174,2.5173
E02002175,4.83178
E02002176,1.1133
E02002177,43.712326
E02002178,2.1396
E02002179,1.598201
E02002180,0.9153
E02002181,10.3501
E02002182,2.4908
E02002183,0.24
E02002184,2.24
E02002185,3.72
E02002186,6.4
E02002187,0.81
E02002188,1.13
E02002189,1.75
E02002190,7.88
E02002191,5.96
E02002192,1.04
E02002193,0.89
E02002194,0.24
E02002195,0.82
E02002197,7.95
E02002198,0.55
E02002199,4.41
E02002200,0.93
E02002201,1.88
E02002202,15.22
E02002203,1.15
E02002205,6.81
E02002206,32.06
E02002207,1.41
E02002208,1.94
E02002209,4.02
E02002212,4.2
E02002213,7.41
E02002214,0.57
E02002216,3.59
E02002217,0.54
E02002218,3.98
E02002219,1.81
E02002220,0.88
E02002221,26.33
E02002222,7.12
E02002223,14.83
E02002224,2.16
E02002225,0.93
E02002226,13.67
E02002227,4.8
E02002228,3.58
E02002229,0.17
E02002230,4.77
E02002231,0.55
E02002232,2.78
E02002233,2.2
E02002234,4.72
E02002235,2.2
E02002236,0.05
E02002237,0.32
E02002238,0.74
E02002239,1.19
E02002240,1.8
E02002241,2.36
E02002242,0.79
E02002243,0.38
E02002244,2.55
E02002245,2.28
E02002246,0.05
E02002247,0.37
E02002248,0.19
E02002249,2.6
E02002251,14.16
E02002252,0.22
E02002254,1.22
E02002255,3.8
E02002256,2.58
E02002257,0.03
E02002258,1.19
E02002259,0.37
E02002261,3.19
E02002262,2.1
E02002263,2.32
E02002265,3.34
E02002266,1.94
E02002268,1.84
E02002269,2.06
E02002270,1.48
E02002271,1.26
E02002272,0.5
E02002273,1.08
E02002274,2.26
E02002275,12.3
E02002276,1.19
E02002277,2.81
E02002278,3.99
E02002279,1.73
E02002280,2.61
E02002281,0.6
E02002282,1.23
E02002283,1.79
E02002285,4.5
E02002286,1.28
E02002287,1.36
E02002288,0.9
E02002292,0.79
E02002293,4.98
E02002295,2.11
E02002296,0.7
E02002299,2.83
E02002300,0.64
E02002301,1.29
E02002302,1.41
E02002303,0.85
E02002304,0.75
E02002306,0.37
E02002307,4.22
E02002308,0.43
E02002309,0.21
E02002310,0.7
E02002311,1.8
E02002312,1.11
E02002313,0.48
E02002315,1.02
E02002316,0.35
E02002317,9.01
E02002318,0.57
E02002319,1.7
E02002320,17.78
E02002321,29.7
E02002322,7.63
E02002323,0.36
E02002324,1.8
E02002325,1.81
E02002326,1.87
E02002327,4.31
E02002328,1.34
E02002329,9.8
E02002331,100.59
E02002332,9.95
E02002333,3.65
E02002334,2.57
E02002335,1.39
E02002337,5.43
E02002338,0.24
E02002339,1.87
E02002340,5.96
E02002342,0.4
E02002343,0.26
E02002345,14.55
E02002346,1.28
E02002348,7.47
E02002349,1.38
E02002350,0.24
E02002351,5.79
E02002352,0.52
E02002353,0.4
E02002356,29.92
E02002357,4.27
E02002359,0.91
E02002360,1.47
E02002362,42.68
E02002363,0.61
E02002364,1.75
E02002366,0.3
E02002367,9.41
E02002368,3.62
E02002369,3.67
E02002370,6.22
E02002371,0.86
E02002373,0.22
E02002374,4.4
E02002375,4.04
E02002376,4.01
E02002377,0.33
E02002379,7.01
E02002380,3.23
E02002381,1.93
E02002382,0.45
E02002384,12.42
E02002385,1.04
E02002386,31.77
E02002387,4.22
E02002388,1.42
E02002389,2.88
E02002390,11.97
E02002391,1.63
E02002392,3.99
E02002393,3.61
E02002394,11.37
E02002395,2.15
E02002396,4.09
E02002397,3.53
E02002398,0.24
E02002399,18.45
E02002400,19.58
E02002401,3.26
E02002403,1.11
E02002404,13.55
E02002405,1.34
E02002406,7.99
E02002408,1.95
E02002409,11.26
E02002410,3.26
E02002411,28.06
E02002412,9.04
E02002414,3.68
E02002415,0.37
E02002416,2.11
E02002417,127.64
E02002418,1.18
E02002419,4.89
E02002420,2.81
E02002424,0.28
E02002425,8.94
E02002426,5.71
E02002428,2.48
E02002429,2.17
E02002430,5.91
E02002431,8.95
E02002432,4.19
E02002433,3.22
E02002434,9.57
E02002435,0.57
E02002436,2.41
E02002437,17.92
E02002438,0.72
E02002439,57.91
E02002440,8.37
E02002441,6.08
E02002442,0.39
E02002443,0.06
E02002445,1.31
E02002447,18.59
E02002448,2.29
E02002449,1.42
E02002450,0.26
E02002452,43.87
E02002453,15.43
E02002454,23.33
E02002455,1.66
E02002456,10.34
E02002457,0.06
E02002458,0.77
E02002459,8.67
E02002461,0.25
E02002462,3.91
E02002463,6.59
E02002464,0.28
E02002465,0.39
E02002466,2.4
E02002467,22.68
E02002468,0.63
E02002470,0.43
E02002473,0.55
E02002474,1.32
E02002475,0.69
E02002476,4.14
E02002477,0.77
E02002479,0.97
E02002480,0.87
E02002481,4.61
E02002482,2.07
E02002483,0.25
E02002484,29.19
E02002485,1.36
E02002487,3.25
E02002488,0.49
E02002489,6.759
E02002490,0.74
E02002491,2.69
E02002492,1.21
E02002493,19
E02002494,0.14
E02002496,0.05
E02002515,0.46
E02002518,2.97
E02002519,0.55
E02002520,1.36
E02002521,0.02
E02002523,10.68
E02002524,0.23
E02002525,0.67
E02002526,1.16
E02002527,4.32
E02002529,0.17
E02002530,4.66
E02002532,1.5
E02002534,0.27
E02002538,0.17
E02002544,6.35
E02002546,17.15
E02002548,78.64
E02002551,38.41
E02002553,0.6
E02002566,2.06
E02002567,0.44
E02002570,1.96
E02002572,2.16
E02002574,6.21
E02002575,0.34
E02002576,4.3
E02002578,0.69
E02002580,8.79
E02002581,3.01
E02002582,0.88
E02002583,0.36
E02002584,4.37
E02002585,18.45
E02002586,2.41
E02002587,0.46
E02002588,6.6
E02002590,2.85
E02002591,8.83
E02002592,1.8
E02002593,2.07
E02002595,0.91
E02002597,2.16
E02002598,56.94
E02002599,0.22
E02002600,2.15
E02002601,11.21
E02002602,5.58
E02002604,6.59
E02002605,3.06
E02002606,13.95
E02002607,87.05
E02002608,1.45
E02002609,31.675524
E02002610,11.65
E02002611,0.55
E02002612,2.54
E02002613,6.79
E02002614,0.18
E02002629,11.36
E02002630,0.62
E02002632,12.25
E02002633,0.268679
E02002634,3.74
E02002635,0.215922
E02002636,0.090475
E02002637,1.079196
E02002638,0.462327
E02002639,0.360767
E02002640,3.821518
E02002642,0.454874
E02002643,0.1
E02002645,3.504628
E02002646,4.831076
E02002647,0.32
E02002648,0.893893
E02002649,0.369572
E02002650,1.191644
E02002651,0.32452
E02002654,0.250594
E02002658,0.151786
E02002659,0.129412
E02002660,0.386288
E02002662,1.66
E02002665,1.310647
E02002666,0.305689
E02002667,1.015124
E02002668,4.16
E02002669,0.404754
E02002670,0.220484
E02002671,8.88
E02002675,0.429805
E02002676,0.038597
E02002677,0.695463
E02002678,3.000069
E02002680,9.207365
E02002681,0.5154
E02002684,7.76
E02002686,2.08
E02002687,1.51
E02002688,1.04
E02002689,4.72
E02002691,28.54
E02002692,3.58
E02002693,2.24
E02002694,3.27
E02002695,1.89
E02002696,0.68
E02002697,13.31
E02002698,3.63
E02002699,5.98
E02002701,2.69
E02002702,2.16
E02002703,0.26
E02002704,0.74
E02002705,4.26
E02002706,14.34
E02002707,1.08
E02002708,1.8
E02002709,0.98
E02002710,8.6
E02002711,0.63
E02002712,0.24
E02002714,13.872
E02002715,3.24
E02002716,1.76
E02002717,6.13
E02002719,4.31
E02002720,1.49
E02002721,2.83
E02002722,0.62
E02002723,6.85
E02002724,0.76
E02002725,1.4
E02002726,1.8
E02002727,0.52
E02002728,0.33
E02002729,0.16
E02002730,0.18
E02002731,0.174
E02002732,1.5505
E02002733,0.43
E02002734,0.6992
E02002735,8.83
E02002736,7.43
E02002737,0.573
E02002739,1.9
E02002740,11.065
E02002741,0.58
E02002742,0.023
E02002744,0.65
E02002745,0.24
E02002746,0.2
E02002747,1.961
E02002748,0.1958
E02002749,2.84
E02002750,4.71
E02002751,0.56
E02002752,2.13
E02002753,1
E02002754,6.03
E02002755,24.39
E02002756,1.95
E02002757,0.05
E02002758,9.68
E02002759,7.81
E02002761,0.93
E02002762,1.45
E02002764,2.3
E02002765,0.12
E02002768,0.34
E02002769,0.28
E02002770,16.61
E02002771,0.58
E02002777,0.113
E02002778,1.62
E02002779,0.25
E02002780,3.44
E02002781,19.716
E02002783,78.26
E02002784,3.21
E02002785,4.7
E02002786,0.1
E02002787,7.55
E02002788,70.668
E02002790,3.58
E02002791,0.48
E02002792,2.1
E02002793,1.81
E02002799,0.3
E02002800,0.51
E02002803,2.38
E02002804,0.58
E02002806,0.36
E02002808,3.431
E02002809,1.05
E02002811,0.3
E02002812,0.46
E02002813,21.2
E02002815,9
E02002816,1.18
E02002820,0.7
E02002821,11.23
E02002828,2.7
E02002831,0.32
E02002832,0.28
E02002833,0.1
E02002834,18.16
E02002835,0.47
E02002836,0.07
E02002844,0.02
E02002845,2.7
E02002847,2.37
E02002848,0.02
E02002849,0.89
E02002854,0.96
E02002855,2.8
E02002856,0.17
E02002857,1.49
E02002862,1
E02002866,1.7
E02002867,0.45
E02002868,0.75
E02002869,4.28
E02002871,1.09
E02002872,42.8
E02002873,2.86
E02002874,0.53
E02002875,5.46
E02002876,4.05
E02002877,2.92
E02002878,0.42
E02002879,6.85
E02002880,0.14
E02002881,3.04
E02002882,2.47
E02002883,1.32
E02002884,1.26
E02002885,1.25
E02002886,43.63
E02002887,2.1
E02002888,4.45
E02002889,1.43
E02002890,10.32
E02002891,1.19
E02002892,0.08
E02002893,7.56
E02002895,2.5
E02002896,30.03
E02002897,0.28
E02002898,9.35
E02002899,0.37
E02002901,0.18
E02002902,0.23
E02002903,1.02
E02002905,1.18
E02002906,1.39
E02002907,0.53
E02002908,1.63
E02002909,1.02
E02002910,1.03
E02002911,9.71
E02002912,0
E02002913,0.33
E02002914,0.36
E02002915,1.07
E02002916,14.55
E02002917,0.55
E02002918,0
E02002919,0.32
E02002920,12.92
E02002921,0
E02002922,0.27
E02002923,0.04
E02002924,0.22
E02002925,2.48
E02002926,0.99
E02002927,8.32
E02002930,0.8
E02002931,0.1
E02002933,5.24
E02002935,0.26
E02002936,3.04
E02002937,4.24
E02002938,2.79
E02002939,0.06
E02002940,1.72
E02002941,1.45
E02002942,33.2
E02002943,0.09
E02002944,0.08
E02002945,1.1
E02002946,0.43
E02002948,0.78
E02002951,0.17
E02002952,0.82
E02002953,2.16
E02002955,5.69
E02002956,0.24
E02002957,0.55
E02002958,2.65
E02002959,16.15
E02002961,23.13
E02002962,9.79
E02002963,0.17
E02002964,9.42
E02002965,22.77
E02002966,36.05
E02002967,7.66
E02002968,27.94
E02002969,27.549303
E02002970,7.66
E02002971,5.23
E02002972,6.16
E02002973,4.76
E02002974,2.2
E02002975,4.22
E02002976,0.25
E02002977,1.41
E02002978,1.21
E02002979,1.71
E02002980,3.9
E02002981,1.39
E02002982,26.34
E02002983,0.33
E02002985,0.08
E02002986,0.59
E02002987,1.2
E02002989,0.18
E02002991,2.63
E02002992,1.67
E02002993,10.18
E02002995,0.62
E02002996,0.04
E02002997,2.27
E02002999,0.27
E02003000,1.17
E02003003,0.59
E02003004,1.43
E02003005,1.97
E02003008,13.15
E02003009,0.03
E02003010,3.65
E02003011,0.61
E02003012,1.6
E02003013,4.82
E02003014,2.26
E02003015,0.66
E02003017,0.96
E02003019,2.19
E02003020,0.24
E02003021,1.95
E02003022,0.25
E02003023,7.13
E02003024,8.93
E02003025,8.48
E02003026,0.02
E02003027,1.06
E02003028,0.1
E02003029,0.52
E02003030,0.47
E02003031,1.59
E02003032,16.02
E02003033,1.11
E02003034,8.39
E02003036,4.32
E02003037,0.38
E02003038,0.82
E02003039,1.02
E02003040,2.42
E02003041,3.19
E02003043,19.06
E02003044,0.37
E02003045,0.3
E02003046,7.54
E02003047,2.16
E02003048,0.58
E02003049,0.94
E02003050,7.84
E02003051,10.95
E02003052,0.52
E02003053,2.74
E02003054,6.08
E02003055,0.15
E02003056,0.83
E02003057,2.09
E02003058,6.23
E02003059,10.9
E02003060,0.46
E02003061,0.64
E02003064,20.45
E02003065,1.22
E02003067,2.56
E02003068,0.06
E02003069,0.73
E02003070,1.94
E02003071,0.3
E02003072,1.32
E02003073,0.47
E02003074,2.24
E02003075,12.38
E02003076,7.46
E02003077,0.24
E02003078,0.25
E02003080,1
E02003082,0.79
E02003084,9.33
E02003085,7.02
E02003086,0.21
E02003087,3.93
E02003088,0.5
E02003089,0.51
E02003090,14.33
E02003091,3.46
E02003092,2.32
E02003093,1.53
E02003094,157.75
E02003095,1.38
E02003096,0.44
E02003097,4.13
E02003098,0.86
E02003099,0.75
E02003100,23.0303
E02003102,1.24
E02003104,0.34
E02003105,23.21
E02003106,23.21
E02003107,0.32
E02003108,9.98
E02003110,0.04
E02003111,0.6
E02003112,1.12
E02003113,8.45
E02003114,0.57
E02003115,1.87
E02003116,0.88
E02003117,7.18
E02003118,0.29
E02003119,0.18
E02003120,1.6865
E02003121,0.09
E02003123,10.17
E02003124,4.76
E02003125,1.12
E02003126,27.14
E02003127,1.31
E02003128,5.06
E02003129,16.34
E02003130,1.44
E02003132,0.45
E02003133,0.66
E02003135,0.68
E02003136,36.88
E02003137,1.06
E02003140,4.27
E02003141,0.08
E02003142,0.87
E02003143,0.37
E02003144,0.93
E02003145,1.57
E02003147,3.9
E02003148,11
E02003149,2.47
E02003150,24.23
E02003151,2.53
E02003152,52.79
E02003153,0.49
E02003155,0.77
E02003156,8.55
E02003157,0.59
E02003159,0.28
E02003161,4.79
E02003163,2.97
E02003164,0.17
E02003165,0.69
E02003166,12.75
E02003167,6.89
E02003169,5.04
E02003170,2.29
E02003171,1.75
E02003172,1.507
E02003173,0.427
E02003174,1.485
E02003175,0.155
E02003176,0.596
E02003177,0.28
E02003178,0.106
E02003179,0.11
E02003180,2.054
E02003181,0.426
E02003182,0.061
E02003183,0.052
E02003184,1.083999
E02003185,1.034
E02003186,1.675
E02003187,1.969
E02003188,20.306974
E02003189,1.592
E02003190,4.124453
E02003191,0.328
E02003192,12.674726
E02003194,0.472229
E02003196,1.334
E02003198,3.996
E02003199,15.934
E02003201,2.983115
E02003202,0.882
E02003203,2.514
E02003204,7.337
E02003205,2.108
E02003206,3.490123
E02003207,0.117004
E02003208,55.455
E02003209,38.852
E02003210,13.867279
E02003211,5.766321
E02003212,0.12
E02003214,0.76
E02003216,6.74
E02003217,0.5
E02003218,0.48
E02003219,53.73
E02003220,8.77
E02003221,0.42
E02003222,2.52
E02003223,5.39
E02003224,0.01
E02003225,4.44
E02003226,19.55
E02003227,5.16
E02003228,1.53
E02003230,11.16
E02003231,0.42
E02003233,3.76
E02003234,20.34
E02003235,6.27
E02003236,42.558621
E02003239,41
E02003240,1.8
E02003241,25.4
E02003242,3.4
E02003243,40.6
E02003245,10
E02003246,1.9
E02003247,2.5
E02003248,1.3
E02003249,35.9
E02003250,289.9
E02003252,363
E02003253,98
E02003254,62.5
E02003255,13.9
E02003257,5
E02003260,4.42
E02003261,0.5
E02003262,0.53
E02003263,2.45
E02003265,0.1
E02003266,0.15
E02003267,4.4
E02003268,0.28
E02003269,3.16
E02003271,1.7
E02003272,4.42
E02003273,24.69
E02003274,4.61
E02003275,22.61
E02003276,3.02
E02003277,0.49
E02003278,3.64
E02003288,23.586
E02003293,1.814
E02003296,0.9436
E02003297,0.2087
E02003298,0.1569
E02003299,1.5463
E02003300,0.7937
E02003301,4.972
E02003302,2.01
E02003303,3.1295
E02003304,0.4542
E02003305,11.2839
E02003307,5.2305
E02003308,18.2469
E02003309,0.187
E02003310,69.0763
E02003311,3.9137
E02003312,3.7057
E02003313,1.6408
E02003314,0.32
E02003316,0.57
E02003317,0.05
E02003319,0.12
E02003320,0.59
E02003321,0.2
E02003322,1.613017
E02003323,4.56
E02003324,1.317659
E02003325,0.48
E02003326,0.03
E02003327,1.23
E02003328,7.254446
E02003329,6.41
E02003330,0.313905
E02003331,0.882122
E02003332,0.31
E02003333,0.85
E02003335,0.29
E02003336,0.13
E02003337,3.56
E02003338,0.06
E02003339,0.19
E02003341,0.53
E02003342,0.21
E02003343,0.12
E02003344,0.19
E02003351,0.17
E02003352,5.71
E02003353,17.97
E02003354,4.37
E02003355,1.1
E02003357,6.71
E02003358,12.7473
E02003362,0.26
E02003363,0.8
E02003364,15
E02003366,0.13
E02003367,10.52
E02003368,0.14
E02003369,0.13
E02003370,1.47
E02003374,0.63
E02003375,0.24
E02003376,0.74
E02003377,8.14
E02003378,0.58
E02003379,1.55
E02003380,1.09
E02003381,0.47
E02003382,2.32
E02003384,0.13
E02003385,19.2
E02003386,0.06
E02003387,0.34
E02003388,0.77
E02003389,1.67
E02003391,0.36
E02003392,2.32
E02003393,0.52
E02003394,17.9
E02003395,6.59
E02003396,0.48
E02003398,3.8
E02003399,42.78
E02003400,0.89
E02003401,3.18
E02003402,1.14
E02003403,1.05
E02003404,0.15
E02003405,39.5
E02003408,0.14
E02003409,1.5
E02003410,0.72
E02003411,0.63
E02003412,5.44
E02003413,30.43
E02003414,1.29
E02003415,10.21
E02003416,7.8
E02003417,13.5
E02003418,0.51
E02003419,0.91
E02003420,0.28
E02003422,1
E02003424,1.29
E02003425,17
E02003426,0
E02003427,4
E02003429,4
E02003430,1
E02003431,1
E02003432,1
E02003433,1
E02003434,5
E02003435,0
E02003436,1
E02003437,29
E02003438,7
E02003440,0.07
E02003442,4.458028
E02003448,15.480452
E02003449,1.987045
E02003450,7.966776
E02003451,0.22
E02003452,1.046368
E02003453,6.56
E02003454,2.81
E02003455,5.229364
E02003456,81.204532
E02003494,0.23
E02003497,0.14
E02003498,0.4
E02003499,0.04
E02003500,0.1
E02003501,0.09
E02003502,0.06
E02003506,0.4
E02003509,0.59
E02003510,3.8
E02003511,0.2
E02003512,0.22
E02003516,0.34
E02003517,0.03
E02003518,1.66
E02003520,0.3
E02003522,2.34
E02003555,0.45
E02003556,25.4
E02003558,1.13
E02003561,0.47
E02003562,0.26
E02003565,0.14
E02003569,1.4
E02003570,1.33
E02003571,19.65
E02003572,0.2
E02003577,20.61
E02003579,0.66
E02003582,0.25
E02003583,2.78
E02003584,0.57
E02003585,2.23
E02003586,1.03
E02003587,0.08
E02003588,0.19
E02003589,0.12
E02003590,13.57
E02003591,0.7
E02003592,0.58
E02003594,4.16
E02003596,0.56
E02003597,1.52
E02003598,1.22
E02003602,0.17
E02003603,0.75
E02003606,6.8
E02003608,0.27
E02003609,4.39
E02003610,0.41
E02003611,225.13
E02003612,7.776
E02003614,3.552
E02003615,2.08
E02003618,0.84
E02003619,171.2
E02003625,0.1
E02003627,7.43
E02003628,24.41
E02003629,0.41
E02003630,22.33
E02003631,0.51
E02003632,0.58
E02003634,47.14
E02003635,54.35
E02003637,2.6
E02003639,0.92
E02003640,0.31
E02003642,1
E02003643,13.33
E02003644,1.47
E02003645,6.38
E02003646,1.43
E02003647,14.701
E02003652,5.32
E02003653,0.8
E02003657,0.91
E02003658,1.77
E02003659,0.78
E02003662,0.15
E02003663,6.6
E02003664,12.93
E02003665,1.11
E02003666,1.91
E02003670,3.73
E02003672,6.53
E02003676,7.15
E02003677,4.15
E02003678,0.52
E02003679,2.536
E02003680,0.78
E02003681,1.68
E02003682,0.62
E02003683,3.85
E02003685,1.13
E02003686,49.63
E02003687,0.29
E02003688,44.96
E02003689,15.29
E02003690,0.46
E02003691,0.98
E02003692,0.48
E02003693,3.75
E02003694,0.52
E02003695,45.93
E02003696,9.42
E02003697,0.37
E02003698,7.61
E02003699,10.33
E02003701,2.27
E02003702,15.79
E02003703,1.59
E02003704,0.09
E02003705,0.79
E02003706,0.16
E02003707,0.96
E02003708,6.84
E02003710,7.35
E02003711,5.09
E02003712,0.38
E02003714,0.42
E02003715,2.68
E02003716,0.36
E02003717,1.92
E02003718,2.17
E02003719,2.94
E02003720,3.12
E02003721,53.34
E02003722,3.24
E02003723,4.08
E02003724,0.93
E02003725,2.61
E02003726,4.64
E02003727,7.63
E02003728,13.16
E02003729,33.2
E02003730,16.66
E02003731,1.34
E02003732,0.8716
E02003733,0.816911
E02003734,4.015621
E02003735,12.170443
E02003736,3.882651
E02003737,7.108529
E02003738,8.888474
E02003739,8.044829
E02003740,0.992811
E02003742,13.621984
E02003743,2.437
E02003744,6.182
E02003745,0.45
E02003746,1.183
E02003747,9.298
E02003748,0.081
E02003749,0.54
E02003750,0.945
E02003751,1.9
E02003752,0.602
E02003753,0.26
E02003754,0.88
E02003755,4.8
E02003757,27
E02003758,0.73
E02003762,85.66
E02003764,7.05
E02003766,2.6
E02003767,0.66
E02003768,1.4
E02003770,0.85
E02003771,2.32
E02003773,3.2
E02003775,1.63
E02003776,1.19
E02003777,1622.12
E02003778,292.2
E02003779,2.92
E02003780,0.11
E02003781,76.41
E02003783,0.97
E02003784,2.02
E02003785,41.3
E02003786,0.32
E02003787,34.8
E02003788,17.45
E02003790,9.49
E02003791,4.04
E02003792,2.14
E02003793,4.52
E02003811,1.08
E02003812,4.18
E02003813,0.17
E02003815,0.26
E02003816,1.28
E02003817,0.79
E02003819,0.23
E02003820,2.49
E02003821,0.68
E02003822,6.41
E02003823,13.35
E02003825,0.38
E02003826,0.09
E02003827,7.21
E02003829,0.42
E02003830,0.45
E02003832,3.81
E02003834,1.78
E02003836,0.58
E02003837,3.15
E02003838,0.3
E02003839,0.76
E02003840,1.48
E02003853,11.1
E02003856,0.3
E02003858,1.23
E02003859,0.53
E02003861,0.11
E02003862,16.13
E02003863,0.76
E02003864,4.77
E02003865,0.38
E02003868,4.96
E02003869,1.37
E02003870,2.37
E02003871,0.34
E02003872,10.61
E02003873,2.23
E02003890,0.190924
E02003894,0.71
E02003896,0.19
E02003898,2.04
E02003900,0.05
E02003902,0.12
E02003906,31.44
E02003908,16.56
E02003909,0.61
E02003910,3.09
E02003911,1.54
E02003912,0.21
E02003913,1.21
E02003914,2.37
E02003915,0.01
E02003916,0.08
E02003919,2.17
E02003922,1.05
E02003923,0.73
E02003924,0.11
E02003925,0.22
E02003926,2.81
E02003928,0.04
E02003931,0.22
E02003932,2.15
E02003935,0.19
E02003937,0.56
E02003938,10.35
E02003941,0.66
E02003943,2.65
E02003944,3.31
E02003945,51.61
E02003946,0.5
E02003947,0.45
E02003949,0.93
E02003951,0.05
E02003952,1.03
E02003953,2.99
E02003954,1.5
E02003955,0.99
E02003956,0.66
E02003957,10.49
E02003959,0.24
E02003960,0.28
E02003961,1.39
E02003962,0.1
E02003963,1.34
E02003964,0.74
E02003965,9.4
E02003966,0.55
E02003967,0.88
E02003968,0.8
E02003969,4.77
E02003972,3.16
E02003973,3.52
E02003974,2.7
E02003975,0.52
E02003977,2.75
E02003978,1.44
E02003979,0.42
E02003980,16
E02003981,3.19
E02003982,10.91
E02003984,27.76
E02003985,6.96
E02003986,1.1
E02003987,14.28
E02003994,5.67
E02003995,3.07
E02003996,5.1
E02003997,8.71
E02003998,3.09
E02004000,3.26
E02004001,0.02
E02004002,3.46
E02004003,3.95
E02004004,5.83
E02004005,3.34
E02004006,0.46
E02004007,4.13
E02004008,5.247
E02004009,3.05
E02004010,4.947847
E02004011,5.17394
E02004012,5.994182
E02004013,12.934803
E02004014,1.0693
E02004017,0.2
E02004019,1.66
E02004023,1.02
E02004024,0.35
E02004026,1.93
E02004027,0.37
E02004029,2.54
E02004030,6.82
E02004031,5.26
E02004032,3.61
E02004033,1.46
E02004034,0.2
E02004035,18.13
E02004036,13.43
E02004038,18.32
E02004040,3.3
E02004041,1.74
E02004043,42.1
E02004044,2.25
E02004045,4.72
E02004046,2.08
E02004047,55.22
E02004048,5.91
E02004049,3.63
E02004051,8.41
E02004052,1.26
E02004053,3.31
E02004054,0.36
E02004055,1.29
E02004056,0.12
E02004058,4.73
E02004061,0.6
E02004064,21.28
E02004066,0.12
E02004068,3.08
E02004070,1.78
E02004071,10.73
E02004072,58.39
E02004073,20.31
E02004074,79.46
E02004075,0.32
E02004076,0.41
E02004077,80.79
E02004078,0.35
E02004080,1.36
E02004081,1.19
E02004082,0.09
E02004083,0.8
E02004085,123.54
E02004087,0.03
E02004089,5.99
E02004091,3.64
E02004093,3.84
E02004094,1.32
E02004095,2.03
E02004096,14.71
E02004097,9.71
E02004098,1.67
E02004100,8.289
E02004102,12.38
E02004104,5.44
E02004105,3.78
E02004106,0.92
E02004108,0.44
E02004109,0.64
E02004111,18.16
E02004113,2.55
E02004114,36.35
E02004115,0.86
E02004116,38.49
E02004117,0.25
E02004118,3.71
E02004119,16.91
E02004120,0.17
E02004122,2.47
E02004125,0.27
E02004126,3.55
E02004128,37.57
E02004164,4.11
E02004166,0.79
E02004167,5.25
E02004168,0.4
E02004169,0.45
E02004170,2.82
E02004171,1.21
E02004174,0.29
E02004175,0.63
E02004176,1.25
E02004177,3.98
E02004178,3.91
E02004179,3.27
E02004180,0.6
E02004181,1.6
E02004182,4.26
E02004183,11.71
E02004184,2.52
E02004185,27.72
E02004186,2.06
E02004187,3.38
E02004188,2.65
E02004189,0.34
E02004190,1.95
E02004191,0.46
E02004192,1.51
E02004194,7.9
E02004195,0.02
E02004197,6.56
E02004203,2.88
E02004217,6.81
E02004220,0.28
E02004221,0.99
E02004222,0.95
E02004223,7.6
E02004224,1.63
E02004225,10.6
E02004227,0.41
E02004228,2.65
E02004229,6.69
E02004232,1.51
E02004234,0.64
E02004237,7.826
E02004238,4.158679
E02004239,4.811
E02004240,4.01039
E02004241,12.374
E02004242,3.422
E02004243,6.63
E02004244,4.6
E02004246,13.8
E02004247,3.62
E02004248,0.43
E02004249,5.64
E02004250,0.3
E02004251,4.93
E02004252,6.7
E02004253,1.06
E02004254,1.99
E02004255,1.53
E02004256,1.35
E02004257,0.56
E02004258,2.79
E02004260,11.06
E02004261,2.73
E02004262,2.41
E02004263,1
E02004264,0.57
E02004265,3.78
E02004266,1.89
E02004268,2.88
E02004269,1.7
E02004270,0.75
E02004271,1.8
E02004272,2.69
E02004273,11.83
E02004274,0.96
E02004275,0.51
E02004276,7.2
E02004277,12.04
E02004278,5.05
E02004279,4.21
E02004280,0.89
E02004281,1.17
E02004282,0.37
E02004283,4.97
E02004284,15.66
E02004285,11.71
E02004286,0.28
E02004287,2.14
E02004288,1.7
E02004289,0.28
E02004291,3.17
E02004292,5.44
E02004296,0.9
E02004297,15.46
E02004299,0.22
E02004301,5.38
E02004303,5.49
E02004305,0.45
E02004307,0.24
E02004308,4.23
E02004309,0.32
E02004311,0.2
E02004312,2.63
E02004314,0.08
E02004315,0.2
E02004316,0.27
E02004317,1.6
E02004318,0.69
E02004320,1.72
E02004322,14.75
E02004324,0.87
E02004325,16.93
E02004328,2.86
E02004331,0.4
E02004333,0.66
E02004335,0.7
E02004336,0.2
E02004337,17.03
E02004338,12.13
E02004339,2.35
E02004340,11.98
E02004344,1.64
E02004345,0.89
E02004346,0.37
E02004347,1.31
E02004348,7.97
E02004349,2.29
E02004351,0.6
E02004352,2.59
E02004353,1
E02004354,10.74
E02004355,0.34
E02004356,0.25
E02004357,0.16
E02004358,0.85
E02004359,0.63
E02004361,0.61
E02004362,2.57
E02004363,6.65
E02004364,0.8
E02004365,1.79
E02004366,5.6
E02004367,1.03
E02004368,0.68
E02004369,1.67
E02004370,0.1
E02004371,1.5
E02004372,14.24
E02004373,3.83
E02004375,3.57
E02004376,0.99
E02004377,29.68
E02004378,0.27
E02004379,9.47
E02004380,2.72
E02004381,10.56
E02004382,1.61
E02004383,4.28
E02004385,0.65
E02004386,13.29
E02004387,1.79
E02004388,0.97
E02004389,0.88
E02004390,1.84
E02004391,1.33
E02004392,2.42
E02004393,0.28
E02004394,0.83
E02004395,9.38
E02004396,1.46
E02004397,1.33
E02004398,4.48
E02004399,0.18
E02004400,7.02
E02004401,0.34
E02004402,0.9
E02004420,0.03
E02004425,0.07
E02004426,0.39
E02004427,3.11
E02004428,1.72
E02004429,2.36
E02004430,0.98
E02004431,5.4
E02004432,2.98
E02004433,0.25
E02004434,2.23
E02004435,38.34
E02004437,1.41
E02004438,1.84
E02004439,6.1
E02004440,3.08
E02004441,2.21
E02004442,0.93
E02004443,7.95
E02004444,3.69
E02004445,1.19
E02004446,3.03
E02004448,0.86
E02004449,0.48
E02004450,0.41
E02004452,0.48
E02004453,2.21
E02004454,4.07
E02004455,2.92
E02004456,0.7
E02004457,1
E02004458,0.15
E02004459,2.49
E02004460,0.41
E02004461,0.47
E02004462,1.61
E02004463,4.05
E02004464,18.44
E02004465,0.09
E02004467,1.16
E02004468,4.1
E02004469,26.64
E02004470,29.38
E02004471,14.6
E02004473,0.38
E02004474,0.32
E02004475,0.85
E02004476,1.09
E02004477,0.56
E02004478,1.35
E02004479,0.71
E02004480,0.15
E02004481,0.19
E02004483,1.36
E02004484,1.09
E02004485,3.35
E02004486,0.67
E02004487,3.54
E02004488,0.46
E02004489,0.69
E02004490,0.06
E02004491,6.61
E02004492,0.04
E02004493,12.13
E02004494,10.83
E02004495,0.88
E02004496,0.38
E02004497,3.35
E02004498,2.02
E02004499,0.42
E02004500,10.14
E02004501,3.94
E02004502,19.18
E02004503,0.41
E02004504,0.45
E02004505,4
E02004512,7.044
E02004513,6.22
E02004516,11.756
E02004518,1.71
E02004520,1.553
E02004521,14.628
E02004522,0.25
E02004525,0.266
E02004526,0.21
E02004535,0.04
E02004537,0.02
E02004542,0.62
E02004544,1.25
E02004545,0.73
E02004547,2.69
E02004550,1.08
E02004552,0.42
E02004553,0.29
E02004555,2.73
E02004556,0.3
E02004557,0.1
E02004558,0.26
E02004562,0.06
E02004563,1.55
E02004564,1.52
E02004565,5.3
E02004566,2.27
E02004567,4.87
E02004568,9.43
E02004569,1.26
E02004570,1.53
E02004571,1.02
E02004572,5.85
E02004573,1.39
E02004574,2.18
E02004575,2.34
E02004576,3.97
E02004577,0.48
E02004578,1.73
E02004579,4.15
E02004580,0.27
E02004581,0.68
E02004582,0.27
E02004586,1.06
E02004587,2.58
E02004588,2.42
E02004590,0.03
E02004592,3.536
E02004593,0.02
E02004594,160.183
E02004595,1.378
E02004596,0
E02004597,4.477
E02004598,1.428
E02004599,1.1
E02004603,0.2
E02004606,0.01
E02004607,0.15
E02004608,2.28
E02004611,2.98
E02004612,1.84
E02004613,0.15
E02004615,0.83
E02004616,1.92
E02004617,0.09
E02004618,13.84
E02004619,2.34
E02004620,0.92
E02004621,5.14
E02004622,0.11
E02004623,0.18
E02004625,7.95
E02004627,0.26
E02004628,3.62
E02004629,3.42
E02004630,2.02
E02004631,1.96
E02004632,0.26
E02004633,4.33
E02004634,0.48
E02004635,1.68
E02004637,17.55
E02004639,21.52
E02004640,0.73
E02004641,1.55
E02004643,0.77
E02004648,0.2
E02004650,6.25
E02004651,2.21
E02004653,2.42
E02004654,2.02
E02004655,1.9
E02004656,20.97
E02004657,12.93
E02004659,4.85
E02004660,10.02
E02004661,1.94
E02004662,5.76
E02004663,4.2
E02004664,1.38
E02004665,0.16
E02004666,1.59
E02004668,0.16
E02004669,1.3
E02004670,1.56
E02004671,0.72
E02004672,2.11
E02004673,1.73
E02004675,3.144393
E02004676,1.025137
E02004677,1.529092
E02004678,0.398108
E02004679,0.711071
E02004680,0.2798
E02004681,7.488658
E02004682,1.148355
E02004683,12.793111
E02004684,11.581588
E02004685,55.746729
E02004686,2.30188
E02004687,0.684844
E02004688,2.688256
E02004689,0.762448
E02004690,0.974072
E02004691,0.143079
E02004692,0.471514
E02004694,7.312325
E02004696,2.83
E02004698,5.1
E02004703,0.198
E02004706,0.157
E02004707,3.46
E02004708,2.25
E02004712,6
E02004713,0.6
E02004714,1.73
E02004715,8.79
E02004717,0.3
E02004718,1.86
E02004719,0.98
E02004720,4.9
E02004721,0.8
E02004722,0.45
E02004725,0.82
E02004727,3.87
E02004728,1.57
E02004729,1.71
E02004730,5.7
E02004731,0.95
E02004732,2.97
E02004734,8.33
E02004736,0.92
E02004737,2.21
E02004738,0.75
E02004739,2.53
E02004740,0.84
E02004741,0.2
E02004751,0.11
E02004752,0.36
E02004753,27.72
E02004754,0.25
E02004755,127.24
E02004756,21.75
E02004757,0.17
E02004758,8.85
E02004760,4.8
E02004761,1.52
E02004764,0.3
E02004766,24.93
E02004767,4.3
E02004770,3.16
E02004771,16.86
E02004772,5.79
E02004774,2.52
E02004775,72.66
E02004776,2.17
E02004777,4.74
E02004778,1.06
E02004779,0.6
E02004780,0.2
E02004781,0.6
E02004782,17.625
E02004784,4.49
E02004785,2.75
E02004786,0.5
E02004787,2.4
E02004790,1.33
E02004792,49.2
E02004793,2.33
E02004794,0.9
E02004795,2.49
E02004796,0.4
E02004797,0.6
E02004798,2.25
E02004799,4.98
E02004800,0.3
E02004801,0.95
E02004802,0.68
E02004803,0.1
E02004805,0.7
E02004806,4.99
E02004807,16.25
E02004808,5.25
E02004809,8.37
E02004810,0.33
E02004811,0.7
E02004812,0.02
E02004813,0.28
E02004816,3.299
E02004817,5.58
E02004821,1.1
E02004822,0.97
E02004824,2.68
E02004829,0.9
E02004830,3.09
E02004832,4.53
E02004833,4.31
E02004834,1.41
E02004835,2.25
E02004836,0.12
E02004838,2.83
E02004840,1.03
E02004841,0.04
E02004842,2.86
E02004856,2.75
E02004866,1.41
E02004868,2.13
E02004870,0.4
E02004873,5.67
E02004874,0.3
E02004876,6.53
E02004878,0.54
E02004881,3.29
E02004884,6.68
E02004885,2.73
E02004886,0.22
E02004887,0.63
E02004888,0.27
E02004889,0.16
E02004890,0.84
E02004891,1.63
E02004894,4.34
E02004895,0.22
E02004925,3.24
E02004926,0.47
E02004928,0.35
E02004930,2.4
E02004932,0.93
E02004933,5.26
E02004934,3.63
E02004935,0.88
E02004940,19.74
E02004941,1.22
E02004945,2.55
E02004948,1.13
E02004950,1.39
E02004954,0.54
E02004956,65.54
E02004957,1.67
E02004958,5.65
E02004959,2.74
E02004960,2.24
E02004961,7.77
E02004962,1.89
E02004963,0.7
E02004964,0.64
E02004965,2.88
E02004966,3.12
E02004967,2.68
E02004968,0.2
E02004969,1.3
E02004970,1.06
E02004971,1.07
E02004972,8.2
E02004973,7.46
E02004975,3.5
E02004976,2.67
E02004977,0.85
E02004978,4.32
E02004979,1.54
E02004980,3.34
E02004981,10.02
E02004983,2.19
E02004985,1.83
E02004986,20.72
E02004987,5.8
E02004988,1.34
E02004989,1.82
E02004990,11.55
E02004991,1.35
E02004992,2.65
E02004993,0.64
E02004994,1.08
E02004995,1.59
E02004996,2.7
E02004997,3.695
E02004999,4.1237
E02005000,15.594
E02005001,4.5
E02005002,9.824
E02005004,0.403
E02005005,0.41
E02005006,3.906
E02005007,1.24
E02005008,0.14
E02005010,4.66
E02005011,0.2
E02005012,9.25
E02005014,0.38
E02005017,1.17
E02005019,19.57
E02005020,1.07
E02005021,0.4
E02005023,15.07
E02005025,3.5
E02005026,0.4
E02005027,0.33
E02005031,1.78
E02005041,9.0122
E02005042,86.5038
E02005043,4.9658
E02005044,1.6505
E02005045,1.1
E02005046,2.634
E02005047,0.45
E02005048,4.29
E02005049,0.98
E02005050,0.49
E02005051,17.3863
E02005052,15.4212
E02005053,1.53985
E02005054,3.27
E02005055,58.085
E02005056,24.13
E02005057,26.42
E02005058,0.09
E02005059,0.18
E02005060,0.75
E02005062,0.1
E02005063,1.13
E02005064,0.58
E02005065,1.37
E02005066,1.24
E02005067,1.34
E02005068,4.29
E02005069,0.84
E02005070,7.49
E02005071,14.64172
E02005072,3.36
E02005073,2.7508
E02005074,0.8292
E02005075,1.74
E02005076,18.76338
E02005078,13.23
E02005079,2.73
E02005080,0.34
E02005081,4.51
E02005082,6.54
E02005084,11.12
E02005085,3.78
E02005086,2.54
E02005087,11.12
E02005088,9.63
E02005089,1.63
E02005090,6.38
E02005091,4.37
E02005093,6.22
E02005094,75.07
E02005096,4.87
E02005097,2.87
E02005098,7.93
E02005099,1.69
E02005100,3.23
E02005101,0.18
E02005119,11
E02005122,1
E02005123,3.04
E02005129,1.55
E02005130,0.07
E02005131,1
E02005132,3.39
E02005133,3.03
E02005134,0.72
E02005135,1.41
E02005137,0.18
E02005138,0.61
E02005139,0.67
E02005140,3.13
E02005141,1.11
E02005142,3.31
E02005143,1.15
E02005144,6.56
E02005145,321.67
E02005146,2.71
E02005147,1.93
E02005148,2.49
E02005149,2.05
E02005150,0.69
E02005153,3.94
E02005154,2.46
E02005156,0.48
E02005160,0.7
E02005161,1.98
E02005162,1.74
E02005163,0.83
E02005164,0.647
E02005165,0.529975
E02005166,0.06
E02005167,2.750819
E02005168,0.4
E02005169,4.159234
E02005170,1.78
E02005171,9.26
E02005172,3.02
E02005173,3.848378
E02005174,1.64261
E02005175,3.151728
E02005177,2.39
E02005178,1.97
E02005179,7.63
E02005180,0.23
E02005181,1.74
E02005183,0.25
E02005185,5.46
E02005186,6.61
E02005189,0.3
E02005190,1
E02005191,0.33
E02005192,1.77
E02005193,14.87
E02005194,2.55
E02005195,17.47
E02005196,16.75
E02005197,7.33
E02005198,5.02
E02005199,4.56
E02005200,0.03
E02005201,1.99
E02005202,5.34
E02005203,4.646
E02005204,1.52
E02005205,0.61
E02005206,17.085
E02005207,11.8
E02005208,2.73
E02005209,15.985
E02005210,0.619
E02005211,2.861
E02005221,8.36
E02005224,0.28
E02005226,0.86
E02005229,0.13
E02005230,0.1
E02005231,0.04
E02005233,5.52
E02005234,12.071569
E02005235,1.54
E02005237,8.72
E02005239,0.33
E02005240,8.653
E02005241,0.534
E02005242,2.496
E02005243,1.83
E02005244,0.538
E02005245,2.31
E02005246,8.527
E02005247,2.737
E02005248,5.203
E02005249,0.42
E02005250,2.045
E02005251,1.11
E02005252,8.57
E02005258,6.093
E02005271,0.85
E02005272,0.13
E02005278,3.68
E02005279,0.69
E02005280,1.7
E02005281,3.55
E02005284,0.25
E02005285,0.66
E02005286,3.09
E02005287,2.63
E02005288,2.3
E02005290,0.61
E02005291,25.67
E02005293,3.16
E02005294,7.17
E02005295,2.69
E02005296,0.98
E02005297,9.78
E02005298,6.83
E02005299,0.23
E02005300,16
E02005301,0.48
E02005303,1.24
E02005304,19.05
E02005305,11.16
E02005306,1.62
E02005307,0.91
E02005309,0.48
E02005310,0.38
E02005311,1.75
E02005313,3.56
E02005314,0.1
E02005315,0.67
E02005316,4.74
E02005317,0.17
E02005322,0.19
E02005324,2.58
E02005325,2.83
E02005326,0.19
E02005330,0.1
E02005331,0.11
E02005332,0.98
E02005345,0.21
E02005346,17.84
E02005347,6.73
E02005349,4.36
E02005350,18.55
E02005351,0.24
E02005352,3.4
E02005353,2.06
E02005354,0.76
E02005355,4.33
E02005356,1.28
E02005357,6.77
E02005358,12.03
E02005359,3.95
E02005360,0.08
E02005361,3.79
E02005362,1.73
E02005365,38.14
E02005366,5.28
E02005368,2.41
E02005369,2.01
E02005371,4.7
E02005372,0.36
E02005374,2.76
E02005375,0.86
E02005376,0.14
E02005377,0.85
E02005379,0.91
E02005383,1.71
E02005384,0.85
E02005386,0.36
E02005388,1.95
E02005390,9.22
E02005391,15.14
E02005392,13.59
E02005393,6.53
E02005394,8.6
E02005395,19.28
E02005396,4.61
E02005401,0.3
E02005412,0.28
E02005414,0.62
E02005415,1.6271
E02005416,0
E02005417,0.5
E02005418,2.46
E02005419,11.99
E02005420,4.59
E02005422,2.47
E02005423,7.52
E02005455,16.58
E02005459,2.38
E02005462,0.51
E02005463,1.95
E02005464,3.68
E02005465,1.58
E02005467,0.79
E02005468,4.56
E02005469,6.88
E02005470,2.51
E02005471,2.94
E02005472,0.3
E02005474,2.99
E02005475,5.41
E02005478,1.3
E02005481,0.4
E02005483,3.5
E02005484,7.15
E02005490,0.1
E02005491,9.59
E02005493,0.8
E02005494,2.4
E02005495,21.07
E02005496,2.04
E02005497,2.28
E02005498,0.46
E02005499,0.13
E02005501,0.78
E02005502,2.02
E02005503,0.77
E02005504,0.84
E02005505,3.28
E02005506,1.59
E02005507,6.81
E02005508,0.98
E02005509,5.1
E02005510,1.67
E02005511,0.65
E02005512,6.72
E02005513,5.12
E02005514,1.81
E02005515,0.26
E02005519,0.42
E02005520,1.1
E02005521,4.25
E02005522,1.8
E02005523,1.76
E02005526,0.8
E02005527,10.08
E02005528,0.39
E02005529,14.7
E02005530,47.6
E02005533,1.32
E02005534,16.12
E02005535,3.04
E02005536,3.027475
E02005537,0.27
E02005538,9.98
E02005539,1.24
E02005540,1.55
E02005541,1.539323
E02005542,44.726
E02005543,1.85
E02005544,2.98
E02005545,0.13
E02005546,6.07
E02005547,0.26
E02005548,3.11
E02005549,0.47
E02005551,0.15
E02005552,3.79
E02005562,0.7
E02005566,0.25
E02005567,3.34
E02005568,1.06
E02005571,0.6
E02005582,0.062572
E02005583,0.962667
E02005584,5.7
E02005585,8.22
E02005586,1.48
E02005587,2.83
E02005588,0.11
E02005589,13.01
E02005590,23.44
E02005592,0.47
E02005593,0.89
E02005594,0.13
E02005595,7.17
E02005596,1.81
E02005597,1.67
E02005598,0.65
E02005600,1.59
E02005602,1.23
E02005603,2.7
E02005604,1.869764
E02005606,1.08
E02005607,5.28
E02005609,1.56
E02005610,0.56
E02005611,4.64
E02005613,0.283413
E02005614,0.805703
E02005615,8.150066
E02005616,0.701286
E02005617,0.419532
E02005620,2.93
E02005625,0.32
E02005626,0.78
E02005627,0.42
E02005628,0.3
E02005634,0.520886
E02005635,0.289833
E02005636,0.384095
E02005637,1.031068
E02005640,3.41814
E02005641,1.99785
E02005642,2.491751
E02005649,2.721
E02005650,22.97
E02005651,4.94
E02005652,5.57
E02005653,0.7
E02005654,3.24
E02005655,0.46
E02005656,3.67
E02005657,1.42
E02005658,2.7
E02005661,2.66
E02005664,6.39
E02005665,1.81
E02005666,1.27
E02005667,6.82
E02005668,5.61
E02005670,12.49
E02005671,0.06
E02005672,2.263379
E02005673,11.34
E02005674,1.963787
E02005675,0.3
E02005677,19.24
E02005678,2.74
E02005680,2.23
E02005682,1.8
E02005683,14.95
E02005684,1.3
E02005685,6.98
E02005687,2.21
E02005688,2.26
E02005689,14.49
E02005690,2.06
E02005691,5.41
E02005692,1.38846
E02005695,12.01433
E02005697,4.405282
E02005698,0.549354
E02005699,1.112006
E02005702,9.070049
E02005703,8.137298
E02005704,5.921496
E02005705,6.283432
E02005706,18.163771
E02005707,1.73318
E02005708,5.460108
E02005709,29.17
E02005710,15.53
E02005711,0.63
E02005712,1.84
E02005713,0.51
E02005715,8.49
E02005716,1.23
E02005717,0.06
E02005719,2.1
E02005720,70.79
E02005721,42.32
E02005722,77.08
E02005723,5.75
E02005724,1.49
E02005725,24.120903
E02005726,1.41
E02005727,3.67
E02005728,3.593159
E02005729,2.09
E02005730,11.918059
E02005731,43.748704
E02005732,4.04
E02005733,3.852187
E02005734,6.34
E02005735,0.480077
E02005736,3.38
E02005737,12.948723
E02005738,7.63
E02005740,19.9
E02005741,1.332258
E02005742,11.385
E02005743,0.74
E02005744,3.922
E02005745,4.36
E02005746,0.868
E02005747,4.978
E02005748,12.87
E02005749,5.736
E02005752,0.800314
E02005753,0.100569
E02005756,0.26473
E02005757,1.02
E02005759,2.36
E02005762,2.03
E02005763,0.22
E02005764,3.15
E02005765,0.1
E02005767,0.26
E02005768,2.4
E02005769,0.08
E02005775,0.65
E02005776,10.74
E02005777,0.32
E02005778,1.39
E02005779,0.94
E02005781,1.28
E02005782,0.15
E02005783,0.06
E02005785,17.43
E02005786,0.64
E02005787,1.46
E02005788,1.02
E02005789,0.48
E02005796,0.4
E02005798,0.26
E02005808,0.3
E02005809,2.49
E02005810,9.43
E02005811,24.95
E02005812,1.11
E02005813,101.67
E02005814,0.95
E02005815,0.86
E02005816,1.43
E02005817,2.5
E02005818,0.69
E02005820,0.72
E02005823,0.71
E02005826,0.89
E02005835,64.66
E02005838,13.77
E02005839,1.41
E02005842,5.29
E02005844,2.83
E02005846,4.18
E02005847,2.04
E02005848,38.25
E02005849,109.3
E02005851,7.99
E02005852,3.57
E02005853,4.51
E02005856,3.52
E02005859,2.22
E02005860,3.36
E02005861,49.69
E02005862,94.57
E02005863,2.23
E02005865,0.9
E02005866,8.1
E02005868,0.54
E02005869,7.28
E02005870,1.18
E02005871,7.54
E02005872,1.03
E02005873,1.1
E02005875,1.1
E02005876,0.68
E02005878,2.1
E02005879,3.995899
E02005893,0.28
E02005894,4.63
E02005895,0.19
E02005896,0.69
E02005897,9.07
E02005898,0.73
E02005899,19.59
E02005900,0.38
E02005901,17.95
E02005902,1.47
E02005903,15.57
E02005904,0.51
E02005905,0.54
E02005906,7.15
E02005907,0.35
E02005908,72.25
E02005909,3.71
E02005910,1.21
E02005912,0.37
E02005915,0.41
E02005916,0.1
E02005917,0.49
E02005918,0.7
E02005920,2.4
E02005921,0.57
E02005924,0.396
E02005926,0.062
E02005929,2.9
E02005930,0.54
E02005936,0.58
E02005937,0.333
E02005938,0.096
E02005939,0
E02005940,6.74
E02005941,0.55
E02005945,152.514351
E02005947,83.4939
E02005948,21.22
E02005949,85.56
E02005950,3.23
E02005952,12.88
E02005953,1.54
E02005954,14.69
E02005955,50.495
E02005956,4.49
E02005957,16.02
E02005958,1.33
E02005959,35.0083
E02005960,7.92
E02005961,0.53
E02005962,0.181949
E02005963,2.200603
E02005967,22.29
E02005968,38.577171
E02005969,0.32
E02005972,0.684657
E02005973,7.757997
E02005974,0.786548
E02005975,7.551426
E02005976,69.42466
E02005977,0.17
E02005978,1.65
E02005979,2.81
E02005980,2.24
E02005983,0.59
E02005985,0.93
E02005986,0.9
E02005987,6.43
E02005988,0.13
E02005991,3.21
E02005992,40.15
E02006008,0.63
E02006009,0.96
E02006010,5.43
E02006011,0.96
E02006012,0.54
E02006013,2.25
E02006015,6.47
E02006016,5.02
E02006017,1.95
E02006018,1.49
E02006019,0.73
E02006020,54.23
E02006021,1.97
E02006023,1.85
E02006024,4.48
E02006025,1.44
E02006026,5.65
E02006028,0.46
E02006029,0.72
E02006031,0.51
E02006032,0.5
E02006033,6.51
E02006034,1.86
E02006035,0.52
E02006036,0.78
E02006037,0.97
E02006039,0.68
E02006040,43.47
E02006041,0.26
E02006042,0.2
E02006043,1.22
E02006044,2.78
E02006045,5.38
E02006046,0.3
E02006047,2.19
E02006049,0.68
E02006050,2.36
E02006051,0.39
E02006052,0.94
E02006053,8.91
E02006054,0.85
E02006055,0.39
E02006056,2.69
E02006057,3.58
E02006058,1.08
E02006059,0.21
E02006060,0.13
E02006061,3.59
E02006062,0.37
E02006064,0.2
E02006065,4.83
E02006066,0.19
E02006067,3.33
E02006068,24.59
E02006069,3.81
E02006071,0.44
E02006073,1.15
E02006074,13.4
E02006076,2.42
E02006077,0.56
E02006078,0.16
E02006079,2.76
E02006080,2.61
E02006081,0.7
E02006082,10.03
E02006083,0.45
E02006084,4.2
E02006086,12.47
E02006089,3.64
E02006090,0.1
E02006091,1.8
E02006092,1.91
E02006093,10.49
E02006094,0.7
E02006095,3.52
E02006096,0.14
E02006097,1.63
E02006099,57.59
E02006101,0.6
E02006104,0.09
E02006105,11.42
E02006106,8.84
E02006107,1.46
E02006108,12.66
E02006110,12.78
E02006111,0.46
E02006113,2.07
E02006114,1.3
E02006115,18.07
E02006116,0.55
E02006118,0.24
E02006119,3.08
E02006120,47.97
E02006121,1.64
E02006122,0.42
E02006123,1.84
E02006125,2.88
E02006126,5.72
E02006128,2.83
E02006129,5.01
E02006130,3.54
E02006131,0.52
E02006133,9.18
E02006134,0.01
E02006137,0.45
E02006138,8.54
E02006139,3.35
E02006141,26.82
E02006142,3.48
E02006143,21.83
E02006144,1.23
E02006146,86.21
E02006147,47.47
E02006149,4.86
E02006150,8.12
E02006151,16.15
E02006152,0.97
E02006153,2.96
E02006154,2.1
E02006155,5.19
E02006156,2.09
E02006157,3.91
E02006159,0.93
E02006160,5.71
E02006161,0.59
E02006162,0.72
E02006164,2.28
E02006167,10.32
E02006168,6.48
E02006169,37.48
E02006170,0.61
E02006171,0.66
E02006172,4.97
E02006173,6.01
E02006174,6.2
E02006175,1
E02006177,3.39
E02006178,2.7
E02006179,2.5
E02006180,4.59
E02006181,1.8
E02006182,0.79
E02006185,0.4
E02006186,3.12
E02006187,0.24
E02006188,0.33
E02006204,10.5
E02006205,2.13
E02006206,2.23
E02006207,6.55
E02006208,10.51
E02006209,4.07
E02006211,0.24
E02006212,1.04
E02006214,3.85
E02006216,3.65
E02006230,1.01
E02006232,0.15
E02006236,0.3
E02006245,2.48
E02006246,0.87
E02006247,2.43
E02006248,0.08
E02006249,2.97
E02006250,0.88
E02006251,19.35
E02006252,0.7
E02006253,0.42
E02006254,12.76
E02006255,13.07
E02006256,4.65
E02006257,0.41
E02006258,7.61
E02006259,0.21
E02006260,5.29
E02006261,0.33
E02006263,2
E02006268,1
E02006270,3.5
E02006271,2.97
E02006275,0.3
E02006278,0.82
E02006284,0.36
E02006286,0.67
E02006287,2.14
E02006288,2.07
E02006289,2.33
E02006290,4.9
E02006291,1.32
E02006292,18.74
E02006293,5.35
E02006294,4.13
E02006296,5.99
E02006297,0.93
E02006299,4.56
E02006300,0.65
E02006301,2.32
E02006302,20.568738
E02006303,0.47
E02006304,8.22
E02006305,1.46
E02006306,64.857561
E02006307,4.97
E02006308,3.5
E02006311,9.45
E02006312,3.68
E02006313,2.52
E02006314,1.04
E02006315,2.2
E02006316,3.77
E02006318,0.7707
E02006319,1.0667
E02006320,0.884
E02006321,0.6165
E02006322,0.1401
E02006323,0.6488
E02006325,0.0707
E02006326,0.2765
E02006327,0.7256
E02006328,0.580593
E02006329,0.3877
E02006330,0.1307
E02006332,5.3987
E02006333,0.3062
E02006334,0.3922
E02006362,0.23
E02006364,6.75
E02006365,0.11
E02006366,0.09
E02006368,0.77
E02006369,7.03
E02006370,1
E02006371,0.69
E02006374,0.31
E02006375,0.71
E02006376,3.69
E02006378,5.72
E02006380,3.08
E02006381,2.15
E02006382,4.05
E02006383,6.41
E02006384,2.14
E02006385,10.11
E02006386,4.27
E02006387,0.2
E02006388,1.43
E02006389,4.33
E02006390,1.29
E02006391,0.86
E02006392,4.13
E02006393,2.38
E02006394,11.12
E02006395,2.54
E02006396,13.51
E02006397,31.56
E02006398,5.16
E02006399,7.92
E02006400,17.63
E02006401,6.086
E02006402,2.85
E02006404,0.58
E02006406,2.65
E02006407,1.77
E02006408,1.73
E02006415,1.1892
E02006416,7.96
E02006417,9.83
E02006419,6.28
E02006420,18.285
E02006421,8.891
E02006422,3.7
E02006423,4.629
E02006424,0.32
E02006425,0.43
E02006426,3.8
E02006427,45.64
E02006429,6.86
E02006430,0.39
E02006431,10.8966
E02006432,1.9245
E02006433,5.44
E02006434,2.04
E02006435,30.84
E02006436,23.3
E02006437,9.3
E02006438,25
E02006441,2.52
E02006442,0.48
E02006443,0.45
E02006445,4.54
E02006446,0.15
E02006447,0.7
E02006448,3.49
E02006449,4.4
E02006450,2.22
E02006451,0.94
E02006453,215.19
E02006454,5.57
E02006455,18.23
E02006456,0.83
E02006457,1.57
E02006458,0.77
E02006459,2.03
E02006461,3.37
E02006462,0.47
E02006463,15.53
E02006464,0.43
E02006466,5.75
E02006467,0.74
E02006468,4.032
E02006469,0.88
E02006470,11.7796
E02006471,4.18
E02006472,7.916
E02006473,7.82
E02006474,3.84
E02006476,4.93
E02006477,0.37
E02006479,7.01
E02006480,3.67
E02006481,0.38
E02006482,0.49
E02006483,1.95
E02006484,2.39
E02006485,0.98
E02006486,1.39
E02006487,4.99
E02006488,1.31
E02006489,4.16
E02006490,0.57
E02006492,4.6
E02006493,4.8
E02006494,1.89
E02006495,0.52
E02006496,0.14
E02006499,4.2
E02006500,0.82
E02006504,14.93
E02006505,6.91
E02006506,1.249
E02006507,11.5
E02006508,9.7
E02006509,0.34
E02006510,3
E02006511,3.53
E02006512,3.77
E02006513,3.065
E02006514,1.14
E02006515,4.65
E02006516,11.68
E02006517,467.38
E02006518,53.35
E02006520,24.42
E02006521,5.2
E02006522,35.33
E02006523,3.12
E02006525,2.95
E02006526,8.68
E02006527,13.83
E02006529,0.4
E02006530,13.43
E02006531,3.08
E02006532,16.67
E02006533,3.35
E02006534,0.7
E02006536,2.25
E02006537,5.02
E02006538,6.9159
E02006539,0.32
E02006540,0.587
E02006541,0.19
E02006542,1.68
E02006543,1.98
E02006544,0.81
E02006545,0.9
E02006546,0.61
E02006547,0.35
E02006548,0.48
E02006549,0.83
E02006550,3.85
E02006552,11.41
E02006553,0.59
E02006554,0.55
E02006555,0.1347
E02006557,0.02
E02006558,0.18
E02006560,0.49
E02006561,9.43
E02006563,2.74
E02006564,8.32
E02006565,2.72
E02006566,1.65
E02006577,0.63
E02006578,13.32
E02006579,0.6
E02006581,4.27
E02006583,0.3
E02006587,0.14
E02006588,4.86
E02006589,7.57
E02006590,0.39
E02006591,2.11
E02006592,1
E02006593,5.32
E02006594,0.9
E02006595,0.37
E02006596,2.64
E02006597,0.57
E02006598,1.02
E02006600,0.44
E02006601,0.41
E02006602,5.27
E02006604,2.94
E02006606,2.02
E02006607,0.76
E02006608,0.18
E02006609,3.48
E02006610,2.96
E02006612,1.735
E02006613,1.24
E02006614,1.12
E02006615,5.33
E02006616,0.93
E02006617,16.31
E02006619,0.31
E02006620,2.6
E02006622,0.23
E02006623,1.247
E02006625,0.879
E02006626,2.7
E02006627,4.5291
E02006628,0.565
E02006630,2.789
E02006631,10.4302
E02006632,7.109
E02006634,0.14
E02006635,1.44
E02006636,1.72
E02006637,2.375158
E02006638,4.810242
E02006641,2.693339
E02006642,0.39
E02006643,18.54
E02006644,17.83
E02006645,0.23
E02006646,0.885419
E02006647,1.437278
E02006649,0.14
E02006650,1.69
E02006652,11.79
E02006653,2.71
E02006654,2.52
E02006655,14.456512
E02006658,1.24
E02006659,9.96
E02006660,1.29
E02006661,0.58
E02006663,0.3
E02006665,1.92
E02006668,0.07
E02006669,6.43
E02006670,38.74
E02006671,0.37
E02006672,1.49
E02006673,0.4
E02006674,0.42
E02006677,1.86
E02006680,0.56
E02006681,3.704108
E02006684,2.62
E02006685,1.21
E02006688,0.44
E02006690,2.55
E02006691,2.16
E02006692,0.55
E02006693,2.68
E02006694,3.17
E02006700,0.25
E02006701,5.42
E02006703,1.93
E02006704,0.5
E02006705,0.27
E02006706,5.87
E02006707,0.32
E02006708,1.04
E02006709,2.023
E02006710,1.46
E02006711,0.85
E02006712,2.3
E02006713,0.23
E02006714,1.3
E02006716,3.29
E02006718,16.21
E02006719,2.4
E02006720,0.67
E02006721,2.93
E02006722,0.31
E02006723,0.77
E02006724,0.91
E02006725,1
E02006726,3.75
E02006727,1.44
E02006730,0.43
E02006735,0.58
E02006736,0.07
E02006737,0.67
E02006738,3.21
E02006739,1
E02006740,1.3597
E02006741,0.5
E02006742,1.0747
E02006743,13
E02006744,26.4333
E02006745,3.43
E02006749,0.54
E02006750,2.29
E02006751,0.74
E02006754,1.12
E02006755,0.57
E02006758,0.63
E02006759,1.3
E02006761,1.45
E02006763,3.8
E02006764,1.21
E02006766,0.33
E02006767,56.244
E02006768,0.799
E02006770,10.669
E02006771,0.986
E02006772,0.33
E02006773,3.09
E02006774,2.508
E02006775,3.656
E02006777,1.598
E02006778,3.5
E02006779,11.7636
E02006780,0.748
E02006781,0.8
E02006785,0.03
E02006788,1.7
E02006789,0.08
E02006790,2.55
E02006791,0.22
E02006792,0.52
E02006794,26.28
E02006795,0.11
E02006796,1.81
E02006798,7.57
E02006799,0.13
E02006800,1.99
E02006802,4.3527
E02006803,6.24
E02006804,1.42
E02006805,1.4079
E02006806,2.36
E02006807,0.34
E02006808,12.246
E02006809,0.68
E02006810,0.9
E02006811,0.62
E02006812,3.91
E02006813,0.393245
E02006816,0.1
E02006817,0.08
E02006818,0.09
E02006822,4.59
E02006823,0.87
E02006824,1.01
E02006825,2.202196
E02006826,0.78
E02006827,52.3
E02006828,2.43
E02006829,7.46
E02006830,3.16
E02006831,5.22
E02006832,3.23
E02006834,0.23
E02006835,17.41
E02006839,1.17
E02006840,3.61
E02006841,39.61
E02006842,0.19
E02006843,15.51
E02006844,3.69
E02006845,0.38
E02006846,25.28
E02006849,9.01
E02006850,2.87
E02006851,1.68
E02006852,17.17
E02006853,15.47
E02006854,8.41
E02006856,2.65
E02006857,0.6
E02006858,0.22
E02006859,1.11
E02006860,6.87
E02006861,5.08
E02006864,0.62
E02006865,6.1
E02006868,15.65
E02006869,17.17
E02006870,2.6
E02006871,1.18
E02006872,1.26
E02006874,1.7
E02006875,37.2
E02006876,16.76
E02006877,368.3
E02006878,974.2
E02006881,3.2
E02006882,1.52
E02006883,2.067
E02006884,6.37
E02006885,9.871598
E02006886,4.94
E02006887,25.95
E02006888,0.35
E02006889,0.27
E02006890,4.02
E02006891,4.16
E02006892,4.24
E02006893,2.09
E02006894,31.118078
E02006895,12.39
E02006896,51.94
E02006897,9.84
E02006898,26.14
E02006899,16.41
E02006900,1.84
E02006901,4.6
E02006902,62.975708
E02006904,17.36
E02006905,4.03
E02006907,88.88661
E02006908,4.49
E02006909,3.74
E02006910,18.71
E02006912,33.457841
E02006913,11.671443
E02006914,8.289967
E02006915,9.15
E02006916,6.365349
E02006917,23.260001
E02006919,1.65
E02006920,5.02
E02006922,0.736
E02006924,1.33
E02006925,2.03
E02006927,18.71
E02006928,1.28
E02006929,65.64
E02006930,6.41
E02006932,5.790621
E02006933,6.071187
E02006934,24.764368
W02000102,1.5353
W02000366,0.35
